Gender,SeniorCitizen,Partner,Dependents,Tenure,PhoneService,InternetService,Contract,PaperlessBilling,PaymentMethod,MonthlyCharges,TotalCharges,Churn
Male,0,No,No,50,Yes,Fiber optic,Month-to-month,Yes,Mailed check,30.18,1564.73,No
Female,0,No,No,15,Yes,DSL,Month-to-month,Yes,Electronic check,44.95,431.95,Yes
Female,1,Yes,Yes,6,Yes,Fiber optic,Month-to-month,Yes,Bank transfer,79.45,395.7,No
Male,0,No,No,59,Yes,DSL,Two year,No,Mailed check,26.14,1414.64,No
Male,1,No,Yes,62,Yes,DSL,One year,No,Electronic check,75.01,4453.42,No
Female,0,No,No,8,Yes,Fiber optic,Month-to-month,No,Credit card,78.45,634.69,No
Male,1,Yes,No,7,Yes,Fiber optic,Month-to-month,Yes,Mailed check,49.1,49.1,No
Female,0,Yes,Yes,45,Yes,No,Month-to-month,No,Mailed check,49.31,2155.85,No
Male,0,Yes,Yes,3,Yes,Fiber optic,Month-to-month,No,Credit card,42.91,110.67,Yes
Male,0,Yes,No,54,Yes,No,One year,No,Mailed check,113.57,5860.92,No
Female,0,Yes,Yes,66,Yes,Fiber optic,Month-to-month,No,Credit card,58.89,4189.38,No
Female,0,Yes,No,55,Yes,Fiber optic,One year,Yes,Bank transfer,78.53,4200.26,No
Female,1,No,No,17,Yes,DSL,One year,No,Bank transfer,50.16,805.22,No
Female,1,Yes,No,14,No,Fiber optic,One year,Yes,Electronic check,90.27,1145.34,Yes
Female,0,No,Yes,50,Yes,DSL,Two year,Yes,Electronic check,30.14,1490.69,No
Female,0,No,No,5,Yes,DSL,Month-to-month,No,Mailed check,27.16,397.43,No
Female,0,No,No,39,Yes,DSL,One year,No,Electronic check,94.43,4177.37,No
Male,0,Yes,Yes,33,Yes,Fiber optic,One year,No,Electronic check,92.67,3207.24,No
Female,0,Yes,No,54,Yes,Fiber optic,Month-to-month,Yes,Bank transfer,46.5,2728.6,No
Male,0,No,Yes,15,Yes,No,Month-to-month,Yes,Bank transfer,55.5,1175.79,No
Female,0,No,No,55,Yes,No,Month-to-month,Yes,Electronic check,115.73,6414.92,Yes
Male,0,Yes,No,51,Yes,No,Month-to-month,No,Bank transfer,30.43,1865.98,No
Male,1,No,No,18,Yes,DSL,Month-to-month,No,Credit card,38.31,848.06,Yes
Female,0,No,No,26,Yes,No,Month-to-month,No,Bank transfer,63.0,1666.8,No
Female,1,No,No,5,Yes,Fiber optic,One year,Yes,Credit card,48.21,311.12,Yes
Female,0,Yes,Yes,33,Yes,No,Month-to-month,Yes,Bank transfer,84.9,2437.42,No
Male,0,Yes,Yes,19,Yes,DSL,Month-to-month,No,Electronic check,89.06,1750.56,No
Female,0,Yes,No,9,Yes,DSL,Month-to-month,Yes,Mailed check,72.64,345.01,No
Female,0,No,No,41,Yes,No,Month-to-month,No,Credit card,81.12,3000.87,Yes
Male,0,Yes,No,41,No,DSL,Two year,Yes,Bank transfer,63.34,2635.52,No
Male,1,Yes,No,7,Yes,Fiber optic,Month-to-month,Yes,Credit card,96.04,449.46,No
Male,1,No,Yes,14,Yes,Fiber optic,Month-to-month,Yes,Credit card,24.21,337.52,Yes
Male,0,Yes,Yes,6,Yes,DSL,Month-to-month,No,Electronic check,51.29,335.43,No
Female,0,Yes,Yes,49,Yes,DSL,Month-to-month,No,Electronic check,88.44,4370.17,No
Female,0,Yes,No,25,Yes,No,One year,No,Bank transfer,52.96,1143.18,No
Male,0,Yes,No,6,Yes,No,One year,No,Electronic check,27.85,346.84,No
Female,0,Yes,No,14,Yes,No,Month-to-month,Yes,Bank transfer,54.5,745.15,No
Female,0,Yes,Yes,71,Yes,DSL,One year,No,Credit card,91.15,6559.87,No
Male,0,No,Yes,19,Yes,DSL,Month-to-month,No,Bank transfer,32.2,372.51,No
Female,1,No,No,50,Yes,Fiber optic,Two year,Yes,Electronic check,92.46,4587.33,No
Male,0,Yes,No,34,Yes,Fiber optic,One year,No,Bank transfer,97.55,3536.16,No
Female,0,No,No,14,Yes,DSL,Month-to-month,Yes,Electronic check,83.53,1363.46,Yes
Female,0,Yes,No,23,Yes,Fiber optic,One year,Yes,Credit card,44.42,862.2,No
Male,0,No,No,2,Yes,No,Two year,Yes,Electronic check,100.53,100.53,Yes
Male,0,Yes,No,54,Yes,Fiber optic,Month-to-month,No,Credit card,41.44,2040.02,No
Female,1,No,No,25,Yes,Fiber optic,Two year,Yes,Mailed check,110.58,2633.22,No
Male,0,Yes,No,36,Yes,Fiber optic,Two year,Yes,Mailed check,90.66,2983.95,No
Female,0,No,No,12,Yes,DSL,Month-to-month,No,Mailed check,25.47,278.0,No
Female,0,Yes,No,60,Yes,DSL,One year,Yes,Electronic check,99.93,6122.43,No
Female,0,No,Yes,16,Yes,Fiber optic,One year,No,Mailed check,70.64,973.23,No
Female,0,Yes,No,41,Yes,Fiber optic,Month-to-month,No,Credit card,65.26,2657.54,No
Male,1,No,Yes,63,Yes,Fiber optic,Month-to-month,Yes,Credit card,62.05,3865.05,No
Male,0,Yes,No,52,Yes,No,Two year,Yes,Electronic check,80.66,4405.34,No
Male,0,No,No,44,Yes,DSL,One year,No,Bank transfer,92.46,3945.92,No
Male,1,No,No,64,Yes,DSL,Month-to-month,Yes,Credit card,109.6,6899.36,Yes
Male,0,No,No,13,No,DSL,Month-to-month,Yes,Credit card,47.29,445.57,No
Female,1,Yes,No,70,Yes,DSL,Month-to-month,No,Mailed check,83.08,5588.1,No
Male,0,Yes,Yes,41,Yes,Fiber optic,Two year,No,Electronic check,88.63,3739.67,No
Female,0,Yes,Yes,30,Yes,Fiber optic,One year,No,Credit card,87.48,2597.38,No
Female,0,Yes,Yes,19,Yes,No,Month-to-month,Yes,Mailed check,69.3,1327.66,No
Female,0,No,No,54,Yes,Fiber optic,Two year,No,Mailed check,59.1,3446.33,No
Female,1,No,No,71,Yes,Fiber optic,Two year,No,Bank transfer,96.24,7099.46,No
Male,0,No,Yes,50,Yes,DSL,Month-to-month,No,Electronic check,50.0,2170.75,No
Female,0,No,No,3,Yes,Fiber optic,Month-to-month,No,Credit card,40.81,252.0,No
Male,0,No,No,34,Yes,DSL,One year,No,Electronic check,74.58,2580.85,No
Male,0,No,No,53,Yes,No,Month-to-month,Yes,Bank transfer,46.76,2385.96,No
Female,0,No,No,29,Yes,Fiber optic,Month-to-month,Yes,Credit card,23.32,741.82,Yes
Male,1,Yes,Yes,56,Yes,DSL,One year,Yes,Credit card,25.16,1063.68,Yes
Male,0,No,No,51,Yes,DSL,Two year,Yes,Credit card,89.5,4857.03,No
Male,0,No,No,5,Yes,DSL,Month-to-month,Yes,Credit card,117.31,689.54,Yes
Female,0,Yes,Yes,41,Yes,No,Two year,Yes,Electronic check,65.47,2511.23,No
Male,0,Yes,No,13,Yes,DSL,Two year,No,Credit card,34.71,334.15,No
Male,1,No,No,36,Yes,DSL,Month-to-month,Yes,Credit card,101.81,3324.53,No
Male,0,No,No,28,Yes,DSL,Month-to-month,Yes,Mailed check,46.14,1229.13,No
Female,0,No,No,59,Yes,Fiber optic,One year,Yes,Mailed check,119.56,6957.49,No
Male,0,No,No,63,Yes,Fiber optic,One year,Yes,Electronic check,76.33,4543.77,No
Male,1,Yes,No,34,Yes,Fiber optic,Month-to-month,No,Bank transfer,43.26,1626.18,No
Male,0,Yes,No,39,Yes,DSL,One year,Yes,Bank transfer,69.6,2969.76,No
Female,0,No,No,46,Yes,DSL,One year,Yes,Mailed check,53.54,2457.37,No
Female,0,No,Yes,48,Yes,No,One year,No,Mailed check,97.95,4640.47,No
Female,0,Yes,Yes,46,Yes,DSL,One year,Yes,Bank transfer,30.58,1493.68,No
Male,0,No,Yes,57,Yes,DSL,Month-to-month,Yes,Electronic check,105.7,6020.97,Yes
Male,0,Yes,No,71,Yes,Fiber optic,Month-to-month,No,Credit card,96.73,6651.39,No
Female,0,No,No,60,Yes,DSL,Month-to-month,Yes,Electronic check,106.14,6237.86,No
Female,0,Yes,No,10,Yes,DSL,Two year,No,Electronic check,109.5,1035.71,No
Female,0,Yes,No,35,Yes,Fiber optic,Two year,No,Electronic check,42.98,1553.94,Yes
Male,0,Yes,Yes,34,Yes,Fiber optic,One year,No,Credit card,72.1,2453.27,No
Male,1,Yes,No,37,Yes,DSL,Month-to-month,Yes,Credit card,104.99,3926.7,Yes
Female,0,No,No,39,Yes,DSL,One year,No,Electronic check,57.74,1946.89,No
Female,0,Yes,No,52,No,Fiber optic,Month-to-month,No,Electronic check,26.04,1487.12,No
Male,0,Yes,No,31,Yes,DSL,Month-to-month,Yes,Mailed check,49.16,1524.64,No
Female,1,No,No,19,Yes,DSL,Month-to-month,No,Electronic check,44.19,1350.15,No
Female,0,No,No,33,Yes,Fiber optic,Two year,Yes,Bank transfer,107.01,3453.8,Yes
Male,0,Yes,No,62,Yes,Fiber optic,Month-to-month,No,Electronic check,66.38,4180.25,No
Female,1,Yes,No,23,Yes,No,One year,Yes,Mailed check,88.35,2597.89,Yes
Male,0,Yes,Yes,2,Yes,Fiber optic,Two year,Yes,Mailed check,116.21,271.24,No
Male,0,No,Yes,71,Yes,DSL,One year,Yes,Mailed check,49.92,3530.79,No
Female,0,Yes,No,15,Yes,Fiber optic,Month-to-month,No,Mailed check,96.12,1244.42,No
Female,0,Yes,Yes,44,Yes,Fiber optic,Two year,Yes,Electronic check,22.28,1285.97,No
Male,0,Yes,Yes,58,Yes,DSL,One year,Yes,Electronic check,30.41,1531.96,No
Female,0,No,No,20,Yes,Fiber optic,Month-to-month,Yes,Electronic check,36.19,809.22,Yes
Male,0,Yes,Yes,25,Yes,DSL,One year,No,Electronic check,51.24,1186.29,No
Female,0,No,No,21,Yes,No,Two year,Yes,Credit card,60.3,1228.43,No
Male,1,Yes,No,11,Yes,Fiber optic,Month-to-month,Yes,Electronic check,67.7,459.91,Yes
Female,0,No,No,12,Yes,Fiber optic,Month-to-month,No,Electronic check,44.53,802.99,Yes
Female,0,Yes,No,14,Yes,No,Month-to-month,Yes,Electronic check,26.62,317.12,No
Female,0,Yes,No,33,Yes,No,Month-to-month,Yes,Bank transfer,87.75,2652.73,No
Female,0,Yes,No,39,Yes,DSL,One year,Yes,Credit card,22.37,1122.97,No
Male,0,No,Yes,2,Yes,Fiber optic,Month-to-month,No,Credit card,100.95,101.07,Yes
Female,0,No,No,61,Yes,Fiber optic,Month-to-month,No,Bank transfer,112.92,6955.04,Yes
Male,1,Yes,No,49,Yes,DSL,Month-to-month,Yes,Credit card,91.04,4629.24,No
Female,0,Yes,Yes,6,Yes,Fiber optic,Month-to-month,Yes,Mailed check,79.6,572.41,No
Female,0,No,No,61,Yes,DSL,Month-to-month,Yes,Credit card,85.7,4788.37,Yes
Male,1,No,No,3,No,No,One year,No,Credit card,85.22,394.73,Yes
Female,0,Yes,No,41,Yes,Fiber optic,Month-to-month,Yes,Electronic check,113.17,4619.85,Yes
Female,0,Yes,No,34,Yes,Fiber optic,Month-to-month,Yes,Mailed check,116.43,3892.81,Yes
Male,0,No,Yes,37,Yes,Fiber optic,Two year,No,Electronic check,62.67,2296.98,Yes
Male,0,No,No,69,Yes,DSL,Two year,Yes,Electronic check,81.71,5315.98,No
Male,0,No,Yes,67,No,No,Month-to-month,Yes,Credit card,100.28,6757.19,No
Male,1,No,Yes,21,Yes,DSL,Month-to-month,Yes,Electronic check,20.1,149.22,No
Male,0,Yes,Yes,42,Yes,DSL,Month-to-month,Yes,Bank transfer,72.7,2996.23,No
Female,0,Yes,No,70,Yes,Fiber optic,Month-to-month,Yes,Credit card,85.29,6001.55,No
Female,0,Yes,No,53,Yes,Fiber optic,Month-to-month,No,Mailed check,91.72,5075.97,No
Male,1,Yes,No,64,Yes,DSL,Two year,Yes,Mailed check,56.88,3476.4,No
Female,0,Yes,Yes,32,Yes,DSL,One year,Yes,Bank transfer,49.56,1876.24,No
Female,0,Yes,Yes,21,Yes,DSL,Month-to-month,No,Credit card,38.21,991.78,No
Male,0,Yes,No,37,Yes,DSL,Two year,No,Electronic check,75.78,2717.98,No
Female,0,No,Yes,59,Yes,DSL,Month-to-month,No,Electronic check,111.93,6382.12,No
Female,0,Yes,No,67,Yes,Fiber optic,Month-to-month,No,Bank transfer,109.6,7054.44,No
Female,0,Yes,No,50,Yes,DSL,Month-to-month,Yes,Credit card,56.0,2854.35,No
Female,0,No,No,51,Yes,DSL,Month-to-month,No,Electronic check,45.79,2187.83,Yes
Female,0,No,No,37,Yes,Fiber optic,Two year,Yes,Mailed check,98.88,3898.43,No
Male,0,No,Yes,24,Yes,Fiber optic,Month-to-month,Yes,Credit card,92.5,2084.1,Yes
Female,0,No,Yes,31,Yes,DSL,One year,No,Electronic check,70.53,2006.3,No
Female,0,No,No,36,Yes,DSL,Month-to-month,No,Electronic check,58.9,2167.13,Yes
Male,0,Yes,No,59,Yes,DSL,Two year,Yes,Bank transfer,32.38,1773.21,No
Female,0,Yes,No,40,Yes,No,One year,Yes,Electronic check,98.51,3942.11,No
Male,0,No,Yes,58,Yes,DSL,Month-to-month,No,Electronic check,81.75,4938.7,No
Male,0,Yes,No,2,Yes,DSL,Month-to-month,Yes,Bank transfer,57.69,138.83,Yes
Male,0,Yes,No,55,Yes,Fiber optic,Two year,Yes,Bank transfer,111.88,6177.59,No
Female,0,Yes,No,37,Yes,DSL,Month-to-month,Yes,Mailed check,85.97,3221.92,No
Male,0,Yes,Yes,72,Yes,DSL,Month-to-month,Yes,Mailed check,112.92,7791.62,No
Male,1,Yes,No,34,Yes,DSL,Two year,Yes,Bank transfer,67.44,2371.33,No
Male,0,Yes,Yes,35,No,Fiber optic,Month-to-month,No,Bank transfer,65.46,2323.09,Yes
Female,0,No,No,10,Yes,Fiber optic,Month-to-month,Yes,Credit card,113.72,1315.78,Yes
Female,0,No,No,59,Yes,Fiber optic,Month-to-month,Yes,Credit card,115.98,6963.98,Yes
Male,0,Yes,No,51,Yes,Fiber optic,Month-to-month,No,Bank transfer,116.08,5879.69,No
Male,0,No,No,63,Yes,DSL,Month-to-month,Yes,Credit card,101.89,6625.55,No
Female,0,Yes,No,7,Yes,No,Month-to-month,No,Credit card,66.24,405.15,No
Male,1,No,Yes,16,Yes,Fiber optic,Month-to-month,No,Electronic check,41.03,705.91,Yes
Female,0,No,Yes,64,Yes,Fiber optic,Month-to-month,Yes,Credit card,58.34,3671.53,No
Male,0,Yes,No,4,Yes,Fiber optic,Month-to-month,No,Credit card,113.83,547.67,No
Female,0,No,No,37,Yes,DSL,Two year,No,Electronic check,56.36,2010.02,No
Male,0,No,Yes,30,No,DSL,One year,No,Electronic check,95.67,3199.61,No
Male,0,No,Yes,68,Yes,Fiber optic,Month-to-month,No,Bank transfer,112.3,8039.87,No
Female,0,No,No,62,Yes,DSL,Month-to-month,Yes,Mailed check,117.04,7431.27,No
Male,0,No,Yes,65,Yes,Fiber optic,One year,No,Bank transfer,114.77,7768.31,Yes
Female,1,Yes,Yes,21,Yes,DSL,Month-to-month,No,Mailed check,75.51,1277.87,No
Female,0,No,No,43,Yes,DSL,Month-to-month,Yes,Electronic check,69.19,2690.89,No
Female,0,No,No,51,Yes,No,One year,No,Electronic check,118.76,5992.45,No
Female,0,No,No,70,Yes,Fiber optic,Month-to-month,Yes,Credit card,41.82,2935.65,No
Female,0,Yes,No,1,Yes,Fiber optic,One year,Yes,Electronic check,38.75,38.75,No
Male,0,No,Yes,71,Yes,DSL,Two year,No,Bank transfer,116.32,7930.29,No
Male,0,Yes,No,26,Yes,Fiber optic,Two year,Yes,Electronic check,88.92,2542.24,No
Male,1,No,No,10,Yes,No,Month-to-month,Yes,Mailed check,73.63,1167.14,No
Female,0,Yes,No,45,Yes,Fiber optic,Month-to-month,Yes,Mailed check,33.2,1750.2,No
Male,0,No,Yes,57,Yes,Fiber optic,Month-to-month,No,Electronic check,71.32,4282.34,Yes
Male,0,No,Yes,10,Yes,Fiber optic,One year,Yes,Bank transfer,114.42,1189.42,Yes
Male,0,Yes,Yes,3,Yes,DSL,Two year,No,Bank transfer,80.29,80.29,No
Male,0,Yes,No,65,Yes,Fiber optic,Two year,No,Electronic check,60.46,3944.41,No
Male,0,Yes,No,68,Yes,No,Month-to-month,No,Mailed check,75.11,5528.6,No
Male,0,No,No,12,Yes,Fiber optic,Two year,No,Bank transfer,108.61,1232.92,No
Female,0,No,No,66,Yes,Fiber optic,Month-to-month,No,Bank transfer,111.28,7253.49,No
Female,1,Yes,No,66,Yes,Fiber optic,Two year,Yes,Mailed check,60.01,4182.12,No
Female,0,Yes,No,72,Yes,Fiber optic,Month-to-month,No,Bank transfer,80.81,6053.06,No
Male,1,Yes,Yes,16,Yes,No,Month-to-month,Yes,Electronic check,47.92,597.14,No
Female,0,Yes,No,42,Yes,Fiber optic,Month-to-month,Yes,Electronic check,65.11,2682.32,No
Male,0,No,No,72,Yes,DSL,Two year,Yes,Bank transfer,41.99,2922.9,No
Female,0,No,Yes,65,Yes,Fiber optic,Month-to-month,No,Bank transfer,73.15,4768.69,No
Female,1,Yes,No,44,No,Fiber optic,Month-to-month,Yes,Credit card,77.82,3644.82,Yes
Female,0,No,No,15,No,DSL,Month-to-month,Yes,Electronic check,53.78,645.89,No
Male,1,Yes,Yes,7,Yes,Fiber optic,Month-to-month,Yes,Mailed check,47.21,548.4,Yes
Male,0,No,No,19,Yes,Fiber optic,Two year,Yes,Bank transfer,35.1,687.23,No
Female,0,Yes,Yes,5,Yes,Fiber optic,Month-to-month,Yes,Electronic check,33.95,634.99,No
Male,1,No,Yes,15,Yes,DSL,Month-to-month,No,Mailed check,91.15,1431.02,Yes
Male,0,No,Yes,6,Yes,Fiber optic,One year,Yes,Bank transfer,42.16,233.58,No
Male,0,Yes,No,55,Yes,Fiber optic,Month-to-month,Yes,Electronic check,31.8,1863.94,No
Male,0,No,No,43,Yes,DSL,Month-to-month,Yes,Mailed check,119.89,5087.84,Yes
Male,0,No,Yes,38,No,Fiber optic,Month-to-month,Yes,Electronic check,45.99,1388.57,Yes
Male,0,Yes,Yes,59,Yes,Fiber optic,Month-to-month,No,Credit card,109.6,6418.3,No
Female,0,Yes,Yes,30,Yes,Fiber optic,Month-to-month,Yes,Electronic check,80.92,2376.34,No
Female,0,No,Yes,30,Yes,DSL,Month-to-month,Yes,Electronic check,91.51,2426.84,Yes
Female,0,Yes,No,15,Yes,DSL,Month-to-month,No,Electronic check,76.09,1126.74,No
Male,0,Yes,No,33,Yes,Fiber optic,One year,Yes,Electronic check,38.08,843.22,No
Female,0,Yes,No,13,Yes,DSL,Two year,Yes,Electronic check,104.71,1291.69,No
Male,0,No,No,43,Yes,Fiber optic,Two year,No,Bank transfer,102.8,4469.12,No
Male,0,Yes,No,72,Yes,Fiber optic,Month-to-month,No,Electronic check,54.97,3977.24,No
Male,0,Yes,Yes,39,Yes,DSL,Month-to-month,No,Electronic check,96.39,3677.0,No
Male,0,No,Yes,22,Yes,Fiber optic,Two year,Yes,Electronic check,74.3,1617.49,No
Female,0,No,No,50,Yes,No,One year,Yes,Mailed check,110.9,5388.19,No
Male,0,No,No,60,Yes,Fiber optic,Month-to-month,Yes,Electronic check,100.28,6018.96,No
Female,0,Yes,No,34,Yes,Fiber optic,Month-to-month,Yes,Bank transfer,24.1,831.02,No
Male,1,No,No,19,Yes,Fiber optic,Month-to-month,Yes,Bank transfer,107.93,1870.62,No
Female,0,No,No,52,Yes,DSL,Month-to-month,No,Bank transfer,116.86,6130.26,No
Male,0,Yes,No,14,Yes,DSL,Month-to-month,No,Electronic check,94.22,1371.37,No
Male,0,No,No,72,Yes,Fiber optic,Month-to-month,Yes,Credit card,31.99,2270.04,No
Female,0,Yes,Yes,23,Yes,Fiber optic,Two year,Yes,Bank transfer,100.74,2801.23,No
Female,0,Yes,Yes,26,Yes,DSL,One year,No,Electronic check,84.75,2175.36,No
Male,0,Yes,Yes,53,Yes,DSL,One year,Yes,Mailed check,53.88,2799.79,No
Female,1,No,Yes,1,Yes,No,Month-to-month,Yes,Bank transfer,108.4,108.4,Yes
Male,0,Yes,No,15,Yes,DSL,One year,Yes,Electronic check,76.56,954.21,No
Female,0,Yes,No,10,Yes,Fiber optic,One year,No,Mailed check,105.29,1190.08,No
Female,1,Yes,No,29,Yes,Fiber optic,Month-to-month,No,Bank transfer,87.01,2386.04,Yes
Male,0,Yes,No,40,Yes,Fiber optic,One year,Yes,Electronic check,48.85,1840.41,No
Female,0,Yes,Yes,13,Yes,DSL,One year,Yes,Credit card,117.5,1419.85,Yes
Male,1,No,No,25,Yes,DSL,Two year,No,Electronic check,77.1,1730.51,No
Male,1,Yes,No,56,Yes,Fiber optic,Month-to-month,Yes,Electronic check,71.68,3663.86,No
Male,0,Yes,Yes,68,Yes,Fiber optic,Two year,No,Electronic check,60.35,4011.21,No
Male,0,No,Yes,2,Yes,DSL,Month-to-month,Yes,Mailed check,33.63,241.93,No
Female,0,Yes,No,46,Yes,Fiber optic,Month-to-month,No,Credit card,88.62,4115.92,No
Male,0,No,Yes,2,No,Fiber optic,Month-to-month,No,Credit card,63.08,438.28,Yes
Male,0,Yes,No,38,Yes,DSL,Month-to-month,Yes,Credit card,113.46,4461.67,No
Female,0,Yes,No,64,Yes,Fiber optic,Month-to-month,Yes,Mailed check,116.51,7561.43,Yes
Male,0,Yes,No,58,Yes,DSL,Month-to-month,No,Mailed check,96.76,5988.61,No
Female,1,Yes,Yes,17,Yes,Fiber optic,One year,Yes,Mailed check,44.25,732.82,No
Male,0,Yes,No,19,Yes,DSL,Month-to-month,Yes,Electronic check,91.6,1753.02,Yes
Female,0,No,No,57,Yes,Fiber optic,Two year,Yes,Credit card,22.04,1253.99,No
Female,0,Yes,Yes,60,Yes,DSL,Month-to-month,No,Mailed check,102.64,6467.16,No
Female,1,No,No,21,Yes,Fiber optic,One year,Yes,Mailed check,69.36,1457.06,No
Male,0,No,No,1,Yes,Fiber optic,Two year,No,Mailed check,113.67,113.67,Yes
Male,0,Yes,No,33,Yes,No,Two year,Yes,Credit card,57.78,2024.28,No
Female,0,Yes,Yes,45,Yes,Fiber optic,One year,Yes,Electronic check,46.32,1921.15,No
Male,0,Yes,No,32,Yes,Fiber optic,One year,Yes,Bank transfer,119.51,3931.01,No
Female,0,Yes,Yes,68,Yes,DSL,Month-to-month,No,Bank transfer,73.07,5051.53,No
Male,0,Yes,Yes,59,Yes,DSL,Month-to-month,Yes,Credit card,106.32,6235.0,No
Female,0,No,Yes,57,Yes,DSL,Month-to-month,Yes,Electronic check,111.11,6446.43,No
Female,0,No,No,2,Yes,Fiber optic,Month-to-month,Yes,Electronic check,71.85,71.85,Yes
Male,1,Yes,Yes,62,Yes,Fiber optic,Month-to-month,Yes,Mailed check,65.57,4097.93,No
Male,0,No,No,55,Yes,Fiber optic,Month-to-month,Yes,Credit card,75.29,4048.4,Yes
Female,0,No,No,29,Yes,Fiber optic,Two year,Yes,Credit card,104.77,3610.78,Yes
Male,0,Yes,No,43,Yes,Fiber optic,Two year,Yes,Bank transfer,116.47,5039.38,No
Female,0,No,No,60,Yes,DSL,Two year,No,Electronic check,52.83,3050.52,No
Male,0,No,No,66,Yes,DSL,One year,Yes,Electronic check,93.86,5919.1,No
Female,0,No,Yes,40,Yes,Fiber optic,Month-to-month,Yes,Bank transfer,48.54,2202.68,No
Female,0,No,Yes,3,Yes,DSL,Month-to-month,Yes,Electronic check,81.1,173.29,No
Male,1,Yes,No,45,No,DSL,One year,Yes,Mailed check,100.48,4363.33,Yes
Female,0,Yes,No,49,Yes,No,One year,No,Credit card,108.65,5391.11,No
Male,0,No,No,5,Yes,No,Month-to-month,Yes,Mailed check,64.87,454.29,No
Female,0,Yes,No,59,Yes,Fiber optic,Month-to-month,Yes,Mailed check,56.98,3488.61,No
Male,1,Yes,No,15,No,Fiber optic,Month-to-month,No,Electronic check,45.35,684.2,Yes
Male,0,No,No,65,Yes,Fiber optic,Month-to-month,Yes,Electronic check,33.34,2198.94,No
Male,0,Yes,No,40,Yes,DSL,Month-to-month,No,Bank transfer,56.49,2306.01,No
Male,1,Yes,Yes,24,Yes,Fiber optic,Month-to-month,No,Mailed check,107.2,2640.08,No
Male,1,No,No,5,Yes,DSL,One year,Yes,Electronic check,61.88,394.38,Yes
Female,0,Yes,Yes,2,Yes,No,Two year,Yes,Electronic check,51.73,322.35,No
Male,0,Yes,No,54,Yes,No,Month-to-month,Yes,Electronic check,93.91,5082.42,No
Female,0,No,Yes,28,Yes,Fiber optic,One year,Yes,Bank transfer,41.56,1000.32,No
Male,1,Yes,No,61,Yes,DSL,Two year,Yes,Bank transfer,45.63,2754.57,No
Male,0,Yes,No,17,Yes,Fiber optic,Month-to-month,Yes,Mailed check,113.59,2081.79,No
Female,0,Yes,Yes,67,Yes,DSL,One year,Yes,Mailed check,28.16,1529.41,No
Female,0,No,Yes,68,Yes,No,Month-to-month,Yes,Electronic check,61.46,3823.13,No
Male,0,Yes,No,8,Yes,DSL,One year,Yes,Mailed check,77.68,805.1,No
Male,0,Yes,Yes,47,Yes,DSL,Month-to-month,No,Electronic check,43.03,2326.43,No
Female,0,Yes,No,68,Yes,Fiber optic,Two year,No,Credit card,48.1,3017.76,No
Female,0,Yes,No,24,No,Fiber optic,Two year,Yes,Electronic check,42.18,1032.41,No
Female,1,No,Yes,5,Yes,Fiber optic,Month-to-month,No,Mailed check,54.52,192.69,No
Male,1,Yes,Yes,64,Yes,DSL,Month-to-month,Yes,Electronic check,109.85,6978.23,No
Male,0,No,No,35,Yes,Fiber optic,Month-to-month,No,Credit card,63.16,2271.71,No
Female,0,Yes,No,2,Yes,DSL,One year,Yes,Electronic check,61.78,61.78,No
Female,0,Yes,Yes,61,Yes,DSL,One year,No,Credit card,58.66,3356.82,No
Male,0,No,No,49,Yes,Fiber optic,Month-to-month,Yes,Electronic check,116.41,5643.84,Yes
Male,0,Yes,No,6,Yes,DSL,Two year,Yes,Credit card,31.73,161.3,No
Male,1,Yes,No,19,Yes,Fiber optic,Month-to-month,No,Bank transfer,107.19,1811.42,No
Female,0,No,No,2,Yes,DSL,Month-to-month,Yes,Electronic check,52.72,263.37,No
Male,0,Yes,No,69,No,DSL,Month-to-month,Yes,Electronic check,115.65,7896.34,No
Male,1,No,No,2,Yes,Fiber optic,Month-to-month,No,Electronic check,51.52,51.52,Yes
Male,0,No,No,58,Yes,DSL,Month-to-month,No,Credit card,28.29,1697.35,No
Female,0,Yes,No,37,Yes,Fiber optic,Month-to-month,No,Credit card,72.0,2638.22,Yes
Male,0,Yes,No,42,Yes,Fiber optic,Month-to-month,No,Electronic check,42.79,1964.68,No
Male,0,Yes,Yes,59,Yes,DSL,Two year,No,Electronic check,95.3,5436.02,No
Male,0,Yes,No,65,Yes,Fiber optic,Month-to-month,Yes,Electronic check,85.73,5292.97,No
Male,0,Yes,Yes,10,Yes,DSL,Two year,Yes,Electronic check,88.65,824.54,No
Female,1,No,Yes,2,Yes,Fiber optic,One year,No,Bank transfer,39.35,90.75,No
Male,0,Yes,Yes,9,Yes,DSL,One year,No,Electronic check,90.86,569.59,No
Male,0,No,Yes,50,No,Fiber optic,Month-to-month,Yes,Electronic check,51.13,2278.95,No
Female,0,Yes,No,41,Yes,Fiber optic,One year,Yes,Credit card,119.87,4951.13,No
Male,0,Yes,No,7,Yes,Fiber optic,Month-to-month,No,Bank transfer,93.18,500.7,No
Female,0,Yes,No,17,Yes,No,Month-to-month,Yes,Bank transfer,79.04,1053.18,Yes
Female,0,No,Yes,39,No,DSL,Month-to-month,Yes,Electronic check,106.71,4354.76,No
Male,0,Yes,No,53,Yes,No,Month-to-month,No,Credit card,78.93,4056.93,No
Female,0,Yes,No,25,Yes,Fiber optic,Two year,Yes,Bank transfer,75.27,2111.71,Yes
Male,1,No,No,69,Yes,No,Two year,Yes,Mailed check,43.73,3023.06,No
Female,0,No,No,72,Yes,No,One year,Yes,Electronic check,87.81,6381.27,No
Male,0,Yes,No,56,Yes,No,Month-to-month,Yes,Credit card,57.46,3175.46,No
Female,0,No,No,33,No,DSL,Two year,No,Mailed check,24.31,271.2,No
Female,1,Yes,No,64,Yes,Fiber optic,One year,Yes,Credit card,101.61,6275.68,No
Female,0,Yes,No,53,Yes,Fiber optic,Month-to-month,Yes,Bank transfer,25.19,1309.93,No
Male,0,Yes,No,38,Yes,Fiber optic,Month-to-month,Yes,Credit card,87.23,3387.69,Yes
Male,0,Yes,No,32,Yes,DSL,One year,Yes,Bank transfer,35.67,783.51,No
Male,0,Yes,Yes,60,Yes,No,Month-to-month,Yes,Credit card,63.26,3784.88,No
Male,0,No,No,41,Yes,DSL,Month-to-month,Yes,Electronic check,105.91,4117.86,Yes
Female,0,Yes,No,14,Yes,Fiber optic,One year,Yes,Electronic check,29.44,459.08,No
Male,0,No,Yes,72,Yes,Fiber optic,Month-to-month,Yes,Bank transfer,86.72,6239.96,No
Female,0,No,No,5,Yes,DSL,Month-to-month,Yes,Mailed check,81.26,555.0,No
Female,1,No,No,51,Yes,Fiber optic,Month-to-month,Yes,Bank transfer,106.75,5657.61,Yes
Male,0,No,Yes,48,Yes,DSL,One year,Yes,Bank transfer,37.27,1880.76,No
Male,0,No,Yes,43,Yes,Fiber optic,Two year,Yes,Mailed check,99.98,4471.22,No
Female,0,No,Yes,4,Yes,No,Two year,Yes,Credit card,65.01,189.97,No
Male,0,Yes,No,36,Yes,DSL,One year,Yes,Electronic check,62.86,2827.58,No
Male,0,Yes,Yes,65,Yes,Fiber optic,One year,Yes,Credit card,56.18,3407.94,No
Female,0,Yes,No,18,Yes,DSL,One year,No,Electronic check,58.56,948.53,No
Female,1,No,No,50,Yes,No,Month-to-month,Yes,Bank transfer,72.0,3780.27,No
Male,1,Yes,No,62,Yes,No,Month-to-month,No,Credit card,30.68,2052.7,No
Male,1,No,No,69,No,DSL,One year,No,Electronic check,62.51,4410.67,No
Male,1,Yes,Yes,38,Yes,Fiber optic,One year,Yes,Electronic check,85.2,3372.66,No
Female,1,No,Yes,23,No,Fiber optic,Month-to-month,Yes,Electronic check,69.82,1189.15,Yes
Female,0,Yes,No,51,Yes,Fiber optic,Two year,Yes,Bank transfer,36.58,2183.44,No
Female,0,Yes,Yes,36,Yes,Fiber optic,One year,Yes,Mailed check,56.31,1986.38,No
Female,0,Yes,Yes,46,Yes,Fiber optic,Month-to-month,Yes,Electronic check,64.3,3206.98,No
Female,0,Yes,No,54,Yes,Fiber optic,Month-to-month,Yes,Credit card,86.89,4285.35,No
Male,0,Yes,Yes,52,Yes,DSL,Month-to-month,No,Electronic check,110.08,5775.47,No
Male,1,Yes,No,18,Yes,Fiber optic,Month-to-month,Yes,Mailed check,75.04,1238.02,Yes
Female,0,Yes,No,55,Yes,No,Month-to-month,No,Bank transfer,87.64,4934.62,No
Female,0,Yes,No,40,Yes,DSL,Month-to-month,No,Electronic check,27.72,1172.21,No
Female,0,Yes,No,68,Yes,Fiber optic,Month-to-month,Yes,Electronic check,115.45,7923.81,No
Male,0,Yes,No,48,Yes,DSL,Month-to-month,No,Credit card,51.52,2261.17,No
Male,0,Yes,No,65,Yes,No,One year,No,Bank transfer,55.43,3591.56,No
Male,1,Yes,No,71,Yes,Fiber optic,One year,Yes,Electronic check,42.28,2965.85,No
Male,0,Yes,No,72,No,Fiber optic,Month-to-month,Yes,Credit card,28.47,2148.9,No
Female,0,Yes,Yes,54,No,DSL,Month-to-month,Yes,Mailed check,99.0,5543.86,No
Female,0,Yes,No,44,Yes,Fiber optic,Month-to-month,Yes,Electronic check,44.05,1968.3,No
Male,0,No,Yes,9,Yes,No,Month-to-month,Yes,Bank transfer,48.27,179.2,No
Male,0,No,Yes,28,Yes,Fiber optic,Month-to-month,Yes,Mailed check,38.18,1090.56,No
Female,0,No,Yes,35,Yes,Fiber optic,Month-to-month,Yes,Electronic check,117.49,4634.37,Yes
Male,0,Yes,No,57,Yes,Fiber optic,Month-to-month,No,Credit card,98.1,5920.9,Yes
Female,0,No,No,43,Yes,Fiber optic,Two year,Yes,Electronic check,112.99,4263.69,No
Female,1,Yes,No,32,Yes,Fiber optic,Month-to-month,Yes,Electronic check,106.17,3410.11,Yes
Male,0,No,No,11,Yes,DSL,Two year,Yes,Electronic check,110.63,1403.35,No
Male,1,No,Yes,52,Yes,DSL,Month-to-month,No,Bank transfer,67.9,3494.33,No
Female,0,No,No,32,Yes,Fiber optic,Month-to-month,No,Bank transfer,37.05,1093.58,No
Female,0,No,No,3,Yes,No,Two year,Yes,Credit card,52.69,104.68,Yes
Male,1,Yes,No,21,Yes,No,Month-to-month,No,Electronic check,49.25,1144.69,No
Female,0,No,Yes,64,Yes,No,One year,Yes,Credit card,91.71,5639.75,No
Female,0,No,Yes,9,No,Fiber optic,Two year,No,Bank transfer,22.57,440.87,No
Female,0,Yes,No,30,Yes,DSL,One year,Yes,Electronic check,34.2,1014.8,No
Male,0,No,No,37,Yes,Fiber optic,Month-to-month,Yes,Electronic check,88.29,3079.73,No
Female,0,Yes,No,7,Yes,No,Month-to-month,No,Credit card,32.34,451.25,No
Female,1,No,No,12,Yes,Fiber optic,Month-to-month,No,Electronic check,24.83,24.83,Yes
Male,1,No,No,68,Yes,Fiber optic,Month-to-month,No,Bank transfer,30.92,1991.52,No
Male,0,Yes,No,43,Yes,Fiber optic,Month-to-month,Yes,Mailed check,89.07,3715.67,No
Female,0,No,Yes,16,Yes,Fiber optic,Two year,No,Electronic check,33.93,971.67,No
Male,0,Yes,Yes,13,Yes,No,One year,Yes,Credit card,34.63,313.19,No
Male,0,No,Yes,31,Yes,Fiber optic,Month-to-month,No,Credit card,43.03,902.94,No
Male,0,No,No,53,Yes,Fiber optic,Month-to-month,No,Mailed check,95.09,4923.41,No
Female,1,No,No,53,Yes,DSL,One year,Yes,Bank transfer,40.04,2213.23,No
Female,1,No,No,15,Yes,Fiber optic,Two year,Yes,Mailed check,23.54,509.92,No
Male,0,Yes,No,53,Yes,DSL,Month-to-month,Yes,Bank transfer,110.59,6316.58,No
Female,0,Yes,No,65,Yes,No,Month-to-month,Yes,Electronic check,107.63,7277.33,No
Male,0,Yes,No,17,Yes,Fiber optic,Two year,Yes,Mailed check,38.48,691.74,No
Female,0,Yes,No,2,Yes,Fiber optic,Two year,Yes,Electronic check,46.53,46.53,No
Female,0,Yes,No,70,No,DSL,Two year,Yes,Mailed check,38.86,3045.01,No
Female,0,Yes,No,38,No,Fiber optic,Month-to-month,Yes,Mailed check,91.95,3420.39,No
Male,0,Yes,No,56,Yes,Fiber optic,Month-to-month,Yes,Electronic check,45.0,2388.37,No
Female,0,Yes,No,24,Yes,DSL,Month-to-month,No,Credit card,113.14,2631.95,Yes
Male,1,No,No,22,Yes,No,Month-to-month,Yes,Electronic check,102.76,2010.26,No
Female,0,Yes,No,17,Yes,DSL,Two year,Yes,Electronic check,78.84,1247.28,No
Male,1,No,No,16,Yes,Fiber optic,Month-to-month,No,Mailed check,20.89,287.62,Yes
Male,0,Yes,No,34,Yes,DSL,One year,No,Bank transfer,108.37,3830.71,No
Male,0,Yes,Yes,8,Yes,Fiber optic,Two year,Yes,Electronic check,92.78,664.62,No
Female,0,Yes,No,61,Yes,Fiber optic,Two year,Yes,Mailed check,98.79,5772.7,No
Male,0,Yes,No,37,Yes,No,One year,Yes,Bank transfer,27.18,684.91,No
Female,0,Yes,Yes,66,Yes,DSL,Two year,No,Electronic check,90.86,6038.67,No
Male,0,Yes,No,37,Yes,No,Month-to-month,No,Credit card,100.46,3731.55,No
Male,1,Yes,Yes,22,Yes,Fiber optic,Month-to-month,No,Electronic check,115.66,2433.66,No
Female,0,Yes,No,38,Yes,DSL,Month-to-month,No,Bank transfer,78.05,2872.41,Yes
Male,0,No,No,12,Yes,DSL,Two year,Yes,Electronic check,70.8,927.3,No
Female,0,Yes,Yes,60,Yes,DSL,Two year,Yes,Bank transfer,62.54,4030.51,No
Female,0,No,No,52,Yes,No,Month-to-month,No,Credit card,90.13,4530.73,No
Male,0,Yes,No,11,Yes,DSL,Month-to-month,No,Electronic check,112.08,1250.66,No
Male,0,No,No,42,Yes,Fiber optic,Month-to-month,Yes,Electronic check,79.98,3550.81,Yes
Male,1,No,Yes,39,Yes,Fiber optic,Month-to-month,Yes,Electronic check,42.73,1511.25,No
Female,0,No,No,15,Yes,No,Two year,Yes,Electronic check,21.76,323.27,No
Female,0,No,No,9,Yes,Fiber optic,Month-to-month,No,Credit card,81.91,729.59,Yes
Male,0,Yes,No,55,Yes,Fiber optic,One year,Yes,Bank transfer,106.46,5593.04,No
Male,0,No,Yes,20,Yes,DSL,One year,No,Bank transfer,26.6,565.7,No
Male,1,Yes,No,38,Yes,No,Month-to-month,Yes,Credit card,59.76,2277.19,No
Male,0,No,No,18,Yes,DSL,Month-to-month,Yes,Credit card,114.0,2163.02,No
Female,0,No,No,48,Yes,DSL,Two year,No,Credit card,70.17,3130.78,No
Female,0,Yes,No,4,Yes,No,One year,Yes,Electronic check,42.07,170.27,Yes
Male,0,No,Yes,26,Yes,DSL,Month-to-month,No,Electronic check,55.37,1715.97,Yes
Female,0,Yes,Yes,40,Yes,DSL,Month-to-month,No,Electronic check,60.81,2847.9,No
Male,0,No,No,32,Yes,Fiber optic,Two year,No,Electronic check,31.73,1271.39,Yes
Male,0,No,No,45,Yes,DSL,Two year,Yes,Mailed check,86.08,3638.19,No
Female,0,Yes,Yes,13,Yes,DSL,Two year,No,Electronic check,79.22,1120.07,No
Female,1,No,No,32,Yes,Fiber optic,One year,Yes,Electronic check,84.77,2616.01,No
Female,0,No,No,55,No,Fiber optic,Two year,Yes,Mailed check,81.08,4516.18,No
Male,0,Yes,Yes,25,Yes,Fiber optic,Month-to-month,Yes,Electronic check,21.67,387.31,No
Male,0,Yes,Yes,12,Yes,DSL,One year,Yes,Electronic check,37.45,106.71,Yes
Male,1,Yes,No,62,Yes,Fiber optic,Month-to-month,Yes,Mailed check,36.56,2197.82,No
Male,0,No,No,57,Yes,Fiber optic,One year,Yes,Mailed check,29.8,1843.12,No
Female,0,Yes,Yes,49,Yes,DSL,Two year,Yes,Bank transfer,93.55,4641.55,No
Female,0,No,No,58,Yes,DSL,Two year,Yes,Bank transfer,32.01,1937.17,No
Male,0,No,No,57,Yes,DSL,Month-to-month,Yes,Electronic check,86.82,4992.01,No
Female,0,Yes,No,54,Yes,Fiber optic,One year,Yes,Electronic check,37.84,2124.27,No
Male,0,Yes,No,37,Yes,DSL,Two year,No,Electronic check,31.83,1283.61,No
Female,0,No,No,2,Yes,Fiber optic,Two year,Yes,Electronic check,36.25,36.25,No
Male,1,No,No,43,Yes,No,One year,Yes,Mailed check,70.84,3062.7,No
Male,0,Yes,Yes,20,No,DSL,Month-to-month,No,Credit card,84.55,2039.65,No
Female,0,Yes,No,56,Yes,Fiber optic,Month-to-month,No,Electronic check,101.19,5695.05,No
Male,0,Yes,Yes,34,Yes,DSL,Two year,No,Electronic check,32.86,1125.75,Yes
Male,0,No,No,66,Yes,DSL,One year,No,Bank transfer,81.62,5407.5,No
Male,0,Yes,Yes,43,Yes,Fiber optic,One year,No,Mailed check,97.38,4143.76,No
Male,0,No,No,40,No,Fiber optic,One year,Yes,Electronic check,51.24,1962.53,Yes
Male,1,Yes,Yes,67,No,No,Month-to-month,No,Electronic check,27.97,1915.73,No
Male,0,No,Yes,35,Yes,Fiber optic,Month-to-month,No,Credit card,35.59,1144.51,No
Female,0,Yes,Yes,28,Yes,DSL,Two year,Yes,Electronic check,29.16,787.38,No
Female,0,Yes,No,27,Yes,Fiber optic,Month-to-month,No,Bank transfer,108.72,2777.34,Yes
Male,1,No,No,64,Yes,DSL,One year,No,Credit card,57.67,3712.48,No
Male,0,No,Yes,55,Yes,No,One year,No,Electronic check,72.33,4094.99,No
Female,0,Yes,No,12,Yes,Fiber optic,Two year,No,Bank transfer,96.87,1120.06,No
Female,1,Yes,No,36,Yes,DSL,Month-to-month,Yes,Electronic check,57.15,1655.72,No
Female,0,Yes,No,27,Yes,Fiber optic,One year,Yes,Electronic check,84.91,2410.64,Yes
Female,1,Yes,No,47,Yes,Fiber optic,Month-to-month,No,Electronic check,27.67,1324.53,No
Female,0,Yes,No,4,Yes,Fiber optic,Month-to-month,No,Credit card,68.09,73.71,No
Male,0,No,Yes,52,Yes,DSL,Month-to-month,No,Electronic check,29.65,1696.45,No
Male,0,Yes,No,54,Yes,DSL,Month-to-month,No,Electronic check,44.83,2141.13,No
Female,1,No,Yes,17,Yes,DSL,Two year,No,Credit card,49.33,1047.69,No
Female,0,Yes,No,11,Yes,Fiber optic,Two year,No,Electronic check,91.76,997.89,No
Male,0,Yes,No,46,Yes,Fiber optic,Month-to-month,Yes,Credit card,87.41,3567.09,Yes
Female,0,No,No,19,Yes,DSL,Two year,No,Bank transfer,94.71,1835.16,No
Male,0,Yes,No,68,Yes,Fiber optic,Month-to-month,Yes,Bank transfer,26.18,1699.0,No
Female,0,No,No,56,No,Fiber optic,One year,Yes,Bank transfer,119.39,6574.47,No
Female,0,Yes,No,69,Yes,DSL,Two year,Yes,Bank transfer,25.44,1607.81,No
Male,1,No,Yes,39,Yes,No,One year,Yes,Electronic check,102.57,3974.79,No
Male,0,No,Yes,68,Yes,Fiber optic,Month-to-month,Yes,Credit card,94.03,6297.0,No
Male,0,No,No,2,Yes,Fiber optic,Month-to-month,Yes,Credit card,79.18,79.18,No
Female,0,Yes,No,21,Yes,Fiber optic,Month-to-month,No,Credit card,63.89,1596.1,No
Female,0,Yes,No,1,Yes,DSL,Two year,No,Bank transfer,95.71,95.71,No
Male,0,Yes,Yes,49,Yes,No,One year,Yes,Mailed check,93.99,4459.12,No
Male,0,No,No,37,Yes,Fiber optic,Month-to-month,No,Mailed check,33.72,1021.96,No
Female,0,Yes,Yes,21,Yes,Fiber optic,Month-to-month,Yes,Electronic check,99.26,2238.61,No
Male,0,Yes,Yes,22,Yes,No,Two year,Yes,Mailed check,27.86,353.23,No
Male,0,Yes,Yes,47,Yes,Fiber optic,Month-to-month,Yes,Bank transfer,70.05,3319.15,No
Male,0,Yes,No,13,Yes,Fiber optic,One year,Yes,Bank transfer,84.51,981.9,No
Female,0,Yes,No,38,Yes,DSL,One year,No,Electronic check,102.17,3777.38,No
Female,0,Yes,No,45,Yes,DSL,Month-to-month,Yes,Mailed check,66.31,2763.24,No
Male,0,Yes,No,18,Yes,Fiber optic,Month-to-month,No,Bank transfer,43.69,662.36,Yes
Female,0,No,No,17,Yes,Fiber optic,Month-to-month,Yes,Mailed check,69.07,1175.95,No
Female,1,Yes,No,26,Yes,Fiber optic,Month-to-month,No,Credit card,45.02,1217.58,No
Male,0,Yes,No,43,Yes,Fiber optic,One year,No,Bank transfer,72.87,2976.29,No
Female,0,No,No,19,Yes,DSL,Two year,Yes,Electronic check,66.25,1240.56,No
Female,0,No,No,28,Yes,DSL,Month-to-month,Yes,Electronic check,98.05,2923.09,No
Male,0,Yes,Yes,40,Yes,Fiber optic,Month-to-month,Yes,Bank transfer,44.01,1427.87,Yes
Male,0,No,Yes,14,Yes,DSL,Month-to-month,Yes,Mailed check,40.0,558.75,Yes
Female,0,No,No,41,Yes,Fiber optic,Month-to-month,Yes,Credit card,67.42,2574.06,Yes
Female,0,No,No,10,Yes,Fiber optic,One year,Yes,Electronic check,25.05,39.96,Yes
Male,1,No,No,11,Yes,Fiber optic,One year,No,Electronic check,42.93,524.43,No
Female,0,No,No,18,Yes,Fiber optic,One year,No,Mailed check,55.37,887.61,No
Female,0,Yes,Yes,21,Yes,Fiber optic,Month-to-month,Yes,Bank transfer,68.76,1200.6,Yes
Male,0,Yes,No,3,Yes,Fiber optic,One year,Yes,Credit card,46.94,405.68,No
Female,1,No,No,70,Yes,DSL,Month-to-month,Yes,Credit card,76.06,5508.22,No
Male,0,No,No,23,Yes,Fiber optic,Two year,Yes,Mailed check,107.84,2093.86,No
Female,0,Yes,Yes,58,Yes,Fiber optic,One year,No,Credit card,74.37,4018.57,No
Male,0,Yes,Yes,65,Yes,DSL,Two year,Yes,Electronic check,48.68,3282.89,Yes
Male,0,No,No,58,Yes,Fiber optic,Month-to-month,Yes,Bank transfer,26.2,1462.63,No
Female,1,Yes,No,60,Yes,No,Month-to-month,Yes,Credit card,33.67,2320.31,No
Male,0,No,No,8,Yes,DSL,One year,Yes,Mailed check,76.12,732.23,No
Female,0,Yes,No,27,Yes,Fiber optic,Month-to-month,Yes,Credit card,88.37,2445.88,Yes
Male,0,No,No,54,No,No,One year,Yes,Electronic check,24.97,1144.01,No
Female,0,No,No,42,Yes,No,Month-to-month,No,Electronic check,38.55,1717.39,No
Female,1,No,No,1,No,Fiber optic,Two year,Yes,Mailed check,51.91,51.91,Yes
Female,0,No,No,41,Yes,Fiber optic,Month-to-month,No,Credit card,51.98,2392.23,No
Male,0,No,No,58,Yes,No,Two year,Yes,Electronic check,115.84,6803.15,Yes
Male,1,No,No,60,Yes,Fiber optic,Month-to-month,No,Credit card,40.38,2257.83,No
Female,1,No,No,28,Yes,DSL,Month-to-month,Yes,Electronic check,26.25,895.94,Yes
Female,0,Yes,No,18,Yes,DSL,Month-to-month,Yes,Bank transfer,55.3,1443.7,Yes
Female,0,No,No,23,Yes,Fiber optic,Month-to-month,No,Mailed check,33.44,725.6,No
Male,0,Yes,No,22,Yes,Fiber optic,Two year,No,Electronic check,32.66,828.6,No
Female,0,No,No,25,Yes,DSL,Two year,Yes,Bank transfer,60.75,1432.38,No
Male,0,No,No,22,Yes,DSL,Two year,Yes,Bank transfer,50.64,1131.15,Yes
Male,0,Yes,No,33,No,Fiber optic,Two year,No,Mailed check,29.17,661.16,No
Female,1,Yes,No,3,Yes,Fiber optic,One year,No,Electronic check,80.43,241.18,No
Male,1,Yes,No,20,No,No,Month-to-month,No,Electronic check,70.17,1412.12,Yes
Female,1,No,No,23,Yes,Fiber optic,Two year,Yes,Credit card,27.71,997.13,No
Male,1,Yes,No,12,Yes,No,Month-to-month,Yes,Bank transfer,106.27,916.24,No
Male,0,Yes,No,64,Yes,No,Two year,Yes,Credit card,48.47,3045.9,No
Male,0,No,No,49,Yes,DSL,Month-to-month,Yes,Bank transfer,116.14,5948.48,No
Female,0,No,No,66,Yes,Fiber optic,One year,Yes,Credit card,113.15,7419.55,No
Female,0,Yes,Yes,41,Yes,DSL,Month-to-month,No,Electronic check,63.41,2565.54,No
Female,0,Yes,No,8,Yes,No,Month-to-month,Yes,Mailed check,42.86,176.23,No
Female,0,No,No,66,Yes,DSL,Month-to-month,No,Bank transfer,103.49,6643.82,No
Female,0,No,Yes,33,Yes,Fiber optic,Month-to-month,No,Electronic check,56.13,1487.12,No
Female,0,No,No,50,Yes,No,Month-to-month,No,Electronic check,36.36,1692.16,Yes
Female,0,Yes,No,28,Yes,DSL,Month-to-month,Yes,Bank transfer,75.16,1906.61,No
Male,0,Yes,Yes,36,Yes,No,Month-to-month,Yes,Credit card,68.94,2505.45,No
Male,0,Yes,No,36,Yes,DSL,One year,Yes,Bank transfer,105.0,3622.47,No
Male,0,No,No,21,No,Fiber optic,Month-to-month,Yes,Electronic check,92.93,1855.61,No
Male,0,Yes,No,40,Yes,Fiber optic,Two year,Yes,Credit card,107.61,4213.96,No
Female,1,Yes,No,53,Yes,Fiber optic,Month-to-month,Yes,Electronic check,93.47,4944.28,No
Male,0,No,No,2,Yes,Fiber optic,One year,Yes,Electronic check,84.22,84.22,Yes
Male,0,No,No,10,Yes,No,Month-to-month,Yes,Credit card,70.02,487.84,No
Female,0,No,No,61,Yes,DSL,Month-to-month,No,Bank transfer,118.76,7261.51,Yes
Female,0,Yes,Yes,42,Yes,Fiber optic,One year,No,Credit card,115.92,5082.14,No
Female,1,Yes,No,71,Yes,No,One year,Yes,Credit card,104.89,7472.88,No
Male,0,Yes,No,44,Yes,Fiber optic,Month-to-month,No,Bank transfer,97.53,4169.36,No
Male,0,Yes,No,48,Yes,DSL,Month-to-month,Yes,Electronic check,77.76,3707.85,No
Female,0,No,No,65,No,No,Month-to-month,Yes,Electronic check,45.98,2578.57,No
Male,0,Yes,No,48,Yes,DSL,Month-to-month,No,Credit card,107.54,5134.04,No
Male,1,No,No,24,Yes,Fiber optic,Month-to-month,Yes,Credit card,21.08,425.85,No
Male,0,No,Yes,39,Yes,Fiber optic,One year,Yes,Electronic check,42.74,1480.17,No
Female,0,No,No,17,Yes,Fiber optic,Month-to-month,Yes,Mailed check,60.37,875.87,Yes
Female,0,Yes,No,25,Yes,DSL,One year,Yes,Electronic check,78.62,1883.45,No
Female,0,Yes,No,49,Yes,DSL,Month-to-month,No,Electronic check,76.09,3926.9,No
Female,1,Yes,No,11,Yes,Fiber optic,Month-to-month,Yes,Credit card,37.58,631.79,No
Female,1,Yes,No,49,Yes,DSL,Month-to-month,Yes,Electronic check,30.48,1307.89,No
Male,0,Yes,No,43,Yes,Fiber optic,Month-to-month,Yes,Mailed check,42.23,1712.27,No
Female,0,Yes,No,23,Yes,Fiber optic,Month-to-month,Yes,Credit card,54.87,1163.49,No
Male,0,No,Yes,4,No,Fiber optic,Two year,Yes,Mailed check,21.41,247.55,No
Male,0,Yes,No,51,Yes,DSL,One year,No,Mailed check,89.25,4580.85,No
Female,1,No,No,60,Yes,DSL,Month-to-month,No,Electronic check,44.77,2704.76,No
Male,0,Yes,No,53,Yes,No,Month-to-month,Yes,Electronic check,55.14,3029.67,No
Male,0,Yes,No,31,Yes,Fiber optic,Two year,No,Electronic check,53.49,1538.91,No
Male,1,Yes,Yes,48,Yes,DSL,Month-to-month,Yes,Electronic check,71.18,3689.42,No
Female,0,Yes,No,30,Yes,DSL,Month-to-month,Yes,Electronic check,105.98,3179.05,No
Male,0,Yes,No,26,Yes,DSL,Two year,Yes,Electronic check,34.94,737.26,No
Male,0,No,No,24,Yes,No,Month-to-month,Yes,Electronic check,54.07,1251.75,No
Female,0,Yes,Yes,16,Yes,DSL,Month-to-month,No,Electronic check,89.2,1673.59,Yes
Male,0,Yes,Yes,70,No,DSL,Month-to-month,No,Credit card,24.42,1624.37,No
Female,0,No,No,48,Yes,Fiber optic,One year,Yes,Electronic check,103.0,5133.91,No
Female,1,Yes,No,13,Yes,DSL,Month-to-month,Yes,Mailed check,116.18,1385.27,No
Female,1,No,Yes,63,Yes,DSL,One year,Yes,Credit card,80.76,4934.75,No
Male,0,Yes,Yes,11,Yes,No,Month-to-month,Yes,Electronic check,115.65,1404.07,Yes
Male,0,No,No,43,Yes,Fiber optic,Month-to-month,Yes,Mailed check,61.31,2461.54,No
Male,0,Yes,Yes,12,Yes,DSL,Month-to-month,No,Credit card,61.5,902.51,No
Female,1,Yes,No,27,Yes,Fiber optic,Two year,No,Mailed check,30.62,897.07,No
Male,0,No,No,48,Yes,DSL,Month-to-month,No,Electronic check,23.54,955.2,No
Male,0,No,Yes,72,Yes,DSL,One year,Yes,Bank transfer,44.45,3186.11,No
Male,0,Yes,No,72,Yes,Fiber optic,Month-to-month,Yes,Bank transfer,67.81,4772.57,No
Female,0,No,Yes,65,Yes,Fiber optic,Month-to-month,Yes,Mailed check,70.77,4669.85,No
Male,0,Yes,No,17,Yes,Fiber optic,Month-to-month,No,Electronic check,41.76,1087.48,No
Female,0,Yes,No,7,Yes,No,Month-to-month,Yes,Electronic check,81.28,494.82,Yes
Male,0,Yes,No,66,Yes,DSL,Month-to-month,Yes,Credit card,38.12,2622.68,No
Male,1,No,No,67,Yes,No,Two year,Yes,Electronic check,52.62,3530.43,No
Male,1,Yes,Yes,21,Yes,Fiber optic,Two year,No,Electronic check,39.57,835.78,No
Female,0,No,No,2,Yes,DSL,One year,No,Mailed check,89.67,146.3,No
Male,0,Yes,No,47,Yes,No,One year,No,Credit card,71.66,3196.54,No
Male,0,No,No,6,Yes,DSL,Month-to-month,Yes,Electronic check,93.61,628.69,Yes
Female,0,No,No,3,Yes,Fiber optic,One year,No,Electronic check,25.72,25.72,No
Female,0,Yes,Yes,68,Yes,Fiber optic,Month-to-month,Yes,Mailed check,62.54,4071.76,No
Female,1,Yes,No,36,Yes,DSL,Two year,Yes,Bank transfer,116.7,4404.03,No
Female,0,Yes,No,9,No,No,Two year,Yes,Mailed check,25.36,248.04,No
Male,1,No,No,48,Yes,DSL,Month-to-month,Yes,Credit card,61.84,2922.7,Yes
Female,0,Yes,No,27,Yes,Fiber optic,Two year,Yes,Electronic check,24.04,917.09,No
Male,0,No,No,39,Yes,DSL,Two year,No,Electronic check,34.67,984.91,No
Female,0,Yes,Yes,65,No,DSL,Month-to-month,Yes,Electronic check,66.25,4560.81,No
Female,0,No,No,18,No,Fiber optic,Two year,Yes,Electronic check,35.75,467.46,No
Female,0,Yes,No,47,Yes,No,Month-to-month,No,Mailed check,71.88,3420.67,Yes
Female,0,Yes,No,60,Yes,DSL,Month-to-month,No,Credit card,112.27,6618.59,No
Female,0,No,No,31,Yes,No,Month-to-month,Yes,Electronic check,40.04,1056.64,No
Female,0,Yes,No,70,Yes,DSL,One year,Yes,Bank transfer,30.72,2413.18,No
Female,0,No,No,33,Yes,Fiber optic,Month-to-month,Yes,Electronic check,102.53,3754.73,Yes
Male,0,Yes,No,34,Yes,DSL,Two year,Yes,Bank transfer,66.03,2200.77,No
Male,1,Yes,No,64,Yes,DSL,Month-to-month,No,Mailed check,108.26,6995.73,No
Male,0,No,Yes,46,No,No,Month-to-month,Yes,Mailed check,50.61,2339.46,No
Female,0,No,No,63,Yes,Fiber optic,One year,Yes,Electronic check,82.75,5559.35,No
Male,1,No,No,57,No,Fiber optic,Month-to-month,Yes,Credit card,112.33,5980.18,Yes
Male,1,Yes,No,52,Yes,Fiber optic,One year,Yes,Credit card,37.17,2008.26,No
Male,0,Yes,No,18,Yes,Fiber optic,Month-to-month,Yes,Credit card,100.07,1655.83,Yes
Female,0,Yes,No,29,Yes,Fiber optic,Two year,No,Credit card,83.15,1940.16,No
Female,0,No,No,63,Yes,No,One year,Yes,Electronic check,101.29,6309.16,Yes
Female,0,Yes,No,45,Yes,Fiber optic,Month-to-month,No,Mailed check,37.07,2037.76,No
Male,0,Yes,Yes,21,No,Fiber optic,Month-to-month,Yes,Electronic check,63.41,1200.4,Yes
Male,0,Yes,No,24,Yes,Fiber optic,Month-to-month,No,Credit card,32.88,947.27,No
Male,0,Yes,No,56,Yes,Fiber optic,Two year,Yes,Electronic check,116.01,6736.29,No
Male,0,Yes,No,13,Yes,Fiber optic,One year,Yes,Electronic check,26.27,338.97,No
Male,0,Yes,No,9,Yes,Fiber optic,Month-to-month,Yes,Bank transfer,26.55,263.04,Yes
Female,0,No,No,56,Yes,Fiber optic,Month-to-month,Yes,Electronic check,109.82,5806.66,No
Female,0,No,Yes,21,Yes,Fiber optic,Two year,No,Bank transfer,50.08,908.45,No
Female,0,Yes,No,56,Yes,No,Month-to-month,No,Electronic check,79.7,4644.6,Yes
Male,0,No,Yes,39,Yes,No,One year,No,Bank transfer,48.75,1913.39,No
Male,0,No,No,72,Yes,Fiber optic,One year,Yes,Credit card,84.88,6184.83,No
Female,0,Yes,No,38,Yes,Fiber optic,Month-to-month,Yes,Bank transfer,39.25,1518.13,No
Male,0,Yes,No,63,Yes,Fiber optic,Month-to-month,No,Electronic check,65.89,4589.47,No
Male,0,Yes,No,62,Yes,DSL,Month-to-month,No,Electronic check,73.35,4461.6,No
Male,0,Yes,No,16,Yes,Fiber optic,Month-to-month,Yes,Electronic check,53.36,1174.84,No
Female,1,No,No,72,Yes,DSL,Two year,No,Electronic check,45.17,3278.94,No
Female,0,No,No,54,Yes,DSL,One year,Yes,Bank transfer,34.02,2175.92,No
Male,1,Yes,No,8,Yes,No,Two year,No,Electronic check,90.61,479.88,No
Female,0,No,No,1,Yes,No,Month-to-month,Yes,Electronic check,36.83,73.76,No
Female,0,Yes,Yes,20,No,Fiber optic,Month-to-month,Yes,Electronic check,49.21,905.46,No
Female,0,No,No,2,Yes,DSL,One year,No,Credit card,53.69,135.27,No
Female,0,No,No,26,Yes,Fiber optic,Month-to-month,Yes,Electronic check,65.44,1945.92,Yes
Male,1,Yes,No,72,No,Fiber optic,Month-to-month,Yes,Electronic check,90.26,6574.48,No
Female,1,Yes,Yes,35,Yes,Fiber optic,Month-to-month,Yes,Mailed check,62.79,2441.73,No
Male,1,No,Yes,2,Yes,No,One year,Yes,Electronic check,107.11,107.11,No
Female,0,No,No,36,Yes,DSL,One year,No,Credit card,87.98,3002.71,No
Female,0,Yes,No,16,Yes,DSL,Month-to-month,No,Electronic check,103.85,1664.82,No
Female,0,Yes,No,62,Yes,DSL,Two year,Yes,Bank transfer,91.64,5673.95,No
Female,0,Yes,No,7,Yes,DSL,Month-to-month,No,Bank transfer,34.86,206.85,No
Female,0,No,No,56,Yes,Fiber optic,Month-to-month,No,Credit card,117.79,6404.51,No
Female,0,No,Yes,33,Yes,DSL,Month-to-month,No,Bank transfer,98.66,3495.51,No
Female,0,No,Yes,2,Yes,DSL,Two year,Yes,Bank transfer,77.27,81.97,No
Female,1,No,No,49,Yes,DSL,Month-to-month,Yes,Mailed check,36.52,2074.7,Yes
Male,0,No,Yes,33,Yes,DSL,Month-to-month,Yes,Mailed check,37.27,1232.46,No
Female,0,No,No,56,Yes,Fiber optic,Month-to-month,Yes,Bank transfer,81.43,4689.77,Yes
Female,0,Yes,Yes,45,Yes,DSL,One year,No,Bank transfer,61.62,2884.44,No
Male,0,No,Yes,57,Yes,No,One year,Yes,Mailed check,87.59,4827.78,No
Female,0,Yes,Yes,34,Yes,DSL,Month-to-month,Yes,Electronic check,57.24,2019.6,No
Female,0,Yes,Yes,1,Yes,DSL,Two year,No,Electronic check,71.28,456.95,No
Female,0,No,Yes,10,Yes,DSL,Month-to-month,Yes,Electronic check,38.8,438.32,No
Female,0,No,No,34,Yes,Fiber optic,Month-to-month,Yes,Electronic check,35.52,1387.94,Yes
Male,1,No,No,29,Yes,DSL,One year,No,Mailed check,27.56,937.89,No
Female,0,Yes,No,58,Yes,Fiber optic,One year,No,Electronic check,101.96,5975.09,No
Male,0,No,No,30,Yes,DSL,Month-to-month,Yes,Bank transfer,75.54,2303.5,Yes
Female,0,Yes,No,62,Yes,No,One year,No,Bank transfer,114.71,7221.48,No
Female,0,Yes,No,14,Yes,DSL,Month-to-month,No,Bank transfer,94.95,1481.96,No
Male,0,Yes,No,28,Yes,Fiber optic,One year,No,Bank transfer,96.88,2442.21,No
Male,0,No,Yes,55,No,No,One year,Yes,Electronic check,70.91,3949.51,No
Male,0,Yes,No,9,Yes,DSL,Two year,No,Electronic check,101.55,877.13,Yes
Male,0,No,No,24,Yes,DSL,Month-to-month,No,Bank transfer,114.21,2662.73,No
Male,0,Yes,No,55,Yes,Fiber optic,One year,Yes,Credit card,92.17,5328.54,No
Male,0,Yes,Yes,43,Yes,DSL,One year,No,Bank transfer,30.56,1167.45,No
Male,1,No,No,57,Yes,DSL,Month-to-month,No,Bank transfer,85.1,4571.75,No
Male,0,Yes,No,38,Yes,Fiber optic,Month-to-month,Yes,Bank transfer,32.04,1376.66,No
Female,0,No,No,62,No,DSL,Two year,No,Bank transfer,27.72,1434.56,No
Male,1,No,No,64,Yes,No,Month-to-month,Yes,Bank transfer,89.29,5328.97,No
Male,0,Yes,No,71,No,Fiber optic,One year,No,Bank transfer,103.48,7528.73,No
Male,0,No,No,9,Yes,Fiber optic,Month-to-month,No,Electronic check,35.88,354.66,Yes
Female,1,No,No,43,No,DSL,Two year,Yes,Electronic check,27.41,1273.17,No
Male,0,No,Yes,9,Yes,Fiber optic,Month-to-month,Yes,Mailed check,108.65,889.36,No
Female,0,No,Yes,17,Yes,Fiber optic,Two year,Yes,Mailed check,33.22,287.86,No
Male,0,No,No,22,Yes,DSL,One year,No,Bank transfer,23.51,280.06,No
Male,0,No,No,47,Yes,No,Month-to-month,Yes,Electronic check,92.11,4274.73,No
Male,0,Yes,No,32,Yes,Fiber optic,One year,No,Electronic check,104.77,3098.16,No
Male,0,No,No,63,Yes,Fiber optic,One year,Yes,Credit card,71.45,4562.76,No
Female,0,No,Yes,22,Yes,DSL,Month-to-month,Yes,Electronic check,73.99,1535.29,No
Male,0,No,No,45,Yes,DSL,Month-to-month,No,Credit card,53.69,2453.06,No
Male,0,No,Yes,55,Yes,Fiber optic,One year,Yes,Electronic check,43.85,2442.78,No
Female,0,Yes,No,71,No,Fiber optic,One year,Yes,Electronic check,95.52,6859.28,No
Female,0,No,No,18,Yes,Fiber optic,Month-to-month,Yes,Mailed check,104.93,1988.64,No
Female,1,No,Yes,53,Yes,DSL,Two year,Yes,Electronic check,52.12,2693.58,No
Female,0,Yes,Yes,7,Yes,Fiber optic,Month-to-month,Yes,Electronic check,47.38,368.45,Yes
Female,0,Yes,No,40,Yes,DSL,Month-to-month,Yes,Electronic check,46.78,1918.4,No
Male,0,No,Yes,30,Yes,DSL,One year,Yes,Electronic check,25.06,266.02,No
Female,0,Yes,Yes,70,No,Fiber optic,Month-to-month,Yes,Electronic check,48.11,3497.01,No
Male,0,No,No,56,Yes,DSL,Month-to-month,Yes,Credit card,22.57,1293.91,No
Male,0,Yes,No,67,Yes,DSL,Month-to-month,Yes,Electronic check,98.84,6735.09,No
Female,0,Yes,No,62,Yes,DSL,Month-to-month,Yes,Mailed check,45.59,2569.21,No
Female,1,No,Yes,30,Yes,No,Month-to-month,No,Electronic check,89.02,2607.45,Yes
Female,1,No,No,53,Yes,DSL,One year,Yes,Credit card,74.32,3720.65,No
Male,0,No,Yes,3,Yes,Fiber optic,Month-to-month,Yes,Credit card,103.75,460.17,Yes
Female,0,No,Yes,41,Yes,No,Two year,Yes,Credit card,116.04,4476.62,No
Male,0,No,No,4,Yes,Fiber optic,One year,No,Credit card,56.73,56.73,No
Female,0,No,Yes,53,Yes,Fiber optic,Month-to-month,No,Electronic check,28.83,1634.85,No
Female,0,No,No,70,No,Fiber optic,Month-to-month,No,Bank transfer,94.96,6521.33,No
Female,1,No,Yes,50,Yes,Fiber optic,One year,No,Electronic check,22.13,920.82,No
Female,0,No,Yes,61,Yes,Fiber optic,Month-to-month,No,Credit card,42.3,2761.64,No
Female,0,Yes,No,17,Yes,No,Month-to-month,No,Mailed check,25.33,620.15,No
Male,0,Yes,No,72,Yes,Fiber optic,Two year,Yes,Mailed check,109.81,8050.73,No
Male,1,No,Yes,40,Yes,Fiber optic,One year,No,Credit card,20.53,990.94,No
Male,0,No,Yes,49,Yes,DSL,One year,No,Credit card,69.27,3347.91,No
Female,0,No,No,56,Yes,No,Month-to-month,No,Credit card,62.4,3453.48,No
Male,0,Yes,No,47,Yes,DSL,Month-to-month,Yes,Electronic check,85.27,3878.07,Yes
Male,1,No,No,23,Yes,No,Month-to-month,No,Electronic check,48.97,1159.86,No
Female,0,Yes,Yes,45,Yes,DSL,One year,Yes,Electronic check,107.37,4726.07,No
Female,0,No,No,48,Yes,Fiber optic,Month-to-month,Yes,Mailed check,93.43,4398.03,No
Female,0,No,Yes,62,Yes,Fiber optic,Month-to-month,Yes,Mailed check,63.23,4040.24,No
Female,1,No,Yes,35,Yes,Fiber optic,Month-to-month,Yes,Electronic check,55.8,2189.91,Yes
Female,0,No,No,37,Yes,DSL,One year,No,Credit card,101.59,3838.48,No
Male,0,Yes,No,37,Yes,No,One year,Yes,Electronic check,95.71,3900.13,No
Female,1,Yes,No,9,Yes,Fiber optic,Month-to-month,Yes,Bank transfer,59.9,398.0,Yes
Female,0,No,No,7,Yes,DSL,Month-to-month,Yes,Credit card,54.14,54.14,No
Female,0,No,Yes,2,No,Fiber optic,Month-to-month,No,Bank transfer,23.89,190.71,No
Male,0,Yes,No,48,Yes,Fiber optic,Month-to-month,No,Electronic check,28.17,1197.79,No
Female,0,Yes,No,31,Yes,Fiber optic,Month-to-month,No,Electronic check,25.39,732.35,No
Female,0,Yes,No,63,Yes,DSL,Month-to-month,Yes,Electronic check,22.44,1059.76,No
Female,0,Yes,No,51,Yes,Fiber optic,One year,No,Bank transfer,35.29,1619.95,No
Male,0,Yes,No,11,Yes,No,One year,No,Mailed check,105.71,862.36,Yes
Female,1,Yes,Yes,8,Yes,DSL,Two year,Yes,Electronic check,99.82,711.7,No
Female,0,No,Yes,27,No,Fiber optic,Two year,Yes,Credit card,104.56,2744.21,No
Female,0,Yes,No,67,Yes,Fiber optic,Month-to-month,Yes,Bank transfer,82.38,5537.45,No
Male,0,Yes,Yes,4,Yes,No,Month-to-month,Yes,Credit card,82.41,577.58,No
Female,0,Yes,No,14,Yes,Fiber optic,Month-to-month,Yes,Mailed check,32.39,588.84,No
Female,0,Yes,No,3,Yes,Fiber optic,One year,Yes,Credit card,89.9,89.9,No
Male,1,No,Yes,30,Yes,DSL,Month-to-month,Yes,Electronic check,48.0,1561.6,Yes
Female,1,Yes,Yes,72,No,DSL,Month-to-month,Yes,Electronic check,71.93,5201.31,No
Male,0,No,No,50,Yes,No,Month-to-month,Yes,Credit card,115.47,5753.93,Yes
Female,0,No,No,36,Yes,No,Month-to-month,No,Credit card,107.06,3849.62,No
Male,0,Yes,No,11,Yes,Fiber optic,One year,Yes,Mailed check,43.32,517.43,No
Female,0,No,No,26,Yes,Fiber optic,One year,Yes,Electronic check,93.67,2297.04,Yes
Female,0,No,Yes,38,Yes,Fiber optic,Month-to-month,No,Electronic check,30.41,1119.11,No
Female,0,Yes,No,20,Yes,DSL,Two year,Yes,Bank transfer,22.67,690.19,No
Female,0,Yes,Yes,51,Yes,No,Month-to-month,Yes,Credit card,22.82,1023.04,No
Female,0,No,No,71,Yes,Fiber optic,Month-to-month,Yes,Electronic check,37.02,2422.44,No
Male,0,No,No,15,Yes,Fiber optic,Month-to-month,Yes,Electronic check,89.49,1330.01,Yes
Male,0,No,No,19,Yes,DSL,One year,Yes,Bank transfer,56.33,844.16,No
Female,0,No,Yes,10,No,DSL,One year,Yes,Bank transfer,21.59,21.59,No
Female,0,Yes,Yes,53,Yes,DSL,Month-to-month,Yes,Mailed check,118.8,6227.51,No
Male,0,No,Yes,34,Yes,Fiber optic,Two year,Yes,Bank transfer,73.34,2783.28,No
Male,0,Yes,No,21,Yes,Fiber optic,Month-to-month,No,Credit card,59.39,1239.47,No
Female,0,Yes,No,16,Yes,DSL,Month-to-month,Yes,Electronic check,71.88,1185.8,Yes
Female,0,No,Yes,6,Yes,Fiber optic,One year,Yes,Bank transfer,72.0,72.0,No
Male,0,No,No,35,Yes,No,Two year,Yes,Bank transfer,67.02,2433.33,No
Male,0,No,No,50,Yes,DSL,One year,No,Mailed check,81.29,4083.17,No
Male,1,Yes,Yes,17,Yes,Fiber optic,Two year,No,Credit card,108.56,1712.54,No
Female,1,Yes,Yes,1,Yes,Fiber optic,Month-to-month,No,Bank transfer,50.17,86.18,No
Male,0,No,No,35,Yes,DSL,One year,Yes,Mailed check,68.7,2438.52,No
Female,0,No,No,49,Yes,Fiber optic,Two year,Yes,Electronic check,20.36,785.74,No
Male,0,No,No,25,Yes,Fiber optic,Month-to-month,No,Bank transfer,105.98,2715.87,Yes
Male,1,No,No,19,Yes,DSL,Month-to-month,Yes,Electronic check,50.59,1200.64,No
Female,0,Yes,No,12,Yes,DSL,Two year,No,Electronic check,47.13,519.97,No
Female,1,Yes,No,54,Yes,No,Month-to-month,Yes,Mailed check,119.75,6292.98,No
Female,0,Yes,No,63,Yes,DSL,Month-to-month,Yes,Bank transfer,78.44,4906.2,No
Female,0,Yes,No,56,Yes,Fiber optic,Two year,Yes,Credit card,32.3,1979.72,No
Female,0,Yes,No,38,Yes,Fiber optic,Two year,Yes,Bank transfer,46.55,1523.64,No
Female,0,No,No,53,No,Fiber optic,Two year,No,Credit card,55.32,3047.67,No
Female,0,Yes,No,29,Yes,Fiber optic,Two year,Yes,Electronic check,118.61,3304.09,Yes
Male,0,Yes,No,2,Yes,No,Month-to-month,Yes,Mailed check,63.06,174.53,Yes
Male,0,No,No,27,Yes,Fiber optic,Two year,Yes,Credit card,43.01,1048.4,No
Female,1,Yes,No,51,Yes,Fiber optic,Month-to-month,No,Mailed check,76.97,3812.07,No
Male,0,Yes,No,47,Yes,Fiber optic,One year,Yes,Credit card,60.48,3147.18,Yes
Female,0,No,No,72,Yes,Fiber optic,Month-to-month,No,Mailed check,25.5,1554.18,No
Female,0,Yes,No,72,Yes,Fiber optic,Two year,No,Electronic check,106.09,7735.55,No
Male,0,No,No,18,Yes,DSL,One year,Yes,Bank transfer,21.57,734.52,No
Female,0,No,No,1,Yes,Fiber optic,Two year,No,Electronic check,109.85,246.95,No
Male,1,Yes,No,20,No,Fiber optic,Month-to-month,No,Electronic check,99.19,1717.58,No
Female,0,No,No,64,Yes,DSL,Month-to-month,Yes,Electronic check,27.58,1508.8,No
Male,0,No,Yes,59,Yes,DSL,Month-to-month,Yes,Electronic check,92.36,5298.91,No
Male,0,No,No,8,No,Fiber optic,Month-to-month,Yes,Mailed check,97.09,808.3,Yes
Female,0,No,No,12,Yes,Fiber optic,One year,No,Credit card,80.23,1007.95,No
Female,0,No,No,41,Yes,Fiber optic,Month-to-month,Yes,Mailed check,77.77,2934.23,No
Male,0,No,No,48,Yes,Fiber optic,One year,No,Credit card,24.97,1024.01,No
Female,0,No,No,71,Yes,No,Month-to-month,Yes,Mailed check,25.95,1680.15,No
Female,1,Yes,No,55,Yes,Fiber optic,Month-to-month,Yes,Electronic check,92.73,5064.0,No
Male,1,No,Yes,16,Yes,DSL,One year,Yes,Electronic check,30.56,885.9,No
Female,1,No,No,3,Yes,No,Month-to-month,No,Credit card,44.18,44.18,No
Female,0,No,Yes,46,Yes,DSL,Month-to-month,Yes,Bank transfer,69.88,3019.09,No
Male,0,Yes,No,40,Yes,Fiber optic,Month-to-month,No,Credit card,36.42,1230.17,No
Female,1,Yes,No,67,Yes,Fiber optic,Month-to-month,Yes,Electronic check,98.98,6758.77,No
Female,0,Yes,No,42,Yes,DSL,One year,Yes,Bank transfer,100.74,4222.81,No
Female,0,Yes,Yes,37,No,Fiber optic,Month-to-month,Yes,Bank transfer,104.21,3676.52,No
Female,0,Yes,Yes,22,Yes,Fiber optic,Month-to-month,No,Credit card,24.96,476.56,No
Female,0,Yes,No,7,Yes,DSL,One year,Yes,Electronic check,62.79,281.23,No
Male,0,Yes,No,64,Yes,DSL,Month-to-month,No,Credit card,104.69,6759.34,No
Female,1,No,Yes,60,Yes,DSL,One year,Yes,Mailed check,56.32,3916.08,No
Male,0,Yes,No,12,Yes,DSL,Month-to-month,No,Credit card,89.58,1185.13,Yes
Female,0,No,Yes,51,No,Fiber optic,Two year,Yes,Mailed check,78.92,4006.32,No
Male,0,Yes,No,27,Yes,Fiber optic,Month-to-month,Yes,Bank transfer,54.72,1344.44,Yes
Male,0,Yes,No,32,Yes,Fiber optic,Month-to-month,Yes,Electronic check,47.64,1255.8,No
Male,0,Yes,Yes,62,Yes,Fiber optic,Two year,Yes,Credit card,85.27,5433.48,No
Female,0,No,Yes,61,Yes,DSL,One year,Yes,Electronic check,33.36,2170.83,No
Male,1,Yes,No,14,Yes,DSL,One year,Yes,Mailed check,106.01,1390.92,No
Male,0,No,No,23,Yes,Fiber optic,Two year,Yes,Bank transfer,77.64,2028.39,No
Female,0,No,No,60,Yes,No,Month-to-month,No,Bank transfer,31.15,1873.22,No
Female,1,Yes,No,67,Yes,Fiber optic,Two year,Yes,Mailed check,90.35,6208.4,No
Male,0,No,No,6,Yes,DSL,One year,No,Bank transfer,63.11,437.9,No
Female,0,Yes,Yes,61,Yes,Fiber optic,Month-to-month,Yes,Mailed check,40.41,2429.58,No
Male,0,Yes,Yes,36,Yes,No,Month-to-month,Yes,Bank transfer,116.11,3988.98,No
Male,0,Yes,No,43,Yes,Fiber optic,Month-to-month,Yes,Bank transfer,91.96,3925.17,No
Female,0,Yes,Yes,6,Yes,DSL,Two year,Yes,Bank transfer,79.3,644.21,Yes
Male,0,No,No,49,No,DSL,Month-to-month,Yes,Credit card,104.89,5037.98,No
Female,0,No,No,49,Yes,Fiber optic,Month-to-month,No,Mailed check,74.39,3733.06,No
Female,0,No,Yes,48,Yes,No,One year,No,Electronic check,64.15,2862.65,No
Female,0,Yes,Yes,57,Yes,Fiber optic,One year,Yes,Bank transfer,38.94,2375.59,No
Male,0,No,Yes,69,No,DSL,Month-to-month,Yes,Electronic check,35.34,2501.05,Yes
Female,0,Yes,No,62,Yes,Fiber optic,Two year,Yes,Electronic check,63.2,3677.98,No
Female,0,Yes,No,54,Yes,Fiber optic,Month-to-month,Yes,Credit card,65.6,3497.6,No
Male,0,Yes,No,71,Yes,Fiber optic,Two year,Yes,Mailed check,93.33,6812.72,No
Male,0,No,No,49,Yes,Fiber optic,Month-to-month,Yes,Mailed check,64.21,2894.48,No
Male,0,No,No,49,Yes,Fiber optic,Month-to-month,Yes,Credit card,79.32,3672.49,No
Female,0,Yes,No,40,Yes,DSL,One year,Yes,Electronic check,103.25,4116.1,No
Female,1,No,No,56,Yes,Fiber optic,Month-to-month,No,Electronic check,119.33,7109.15,Yes
Male,0,No,No,6,Yes,Fiber optic,Month-to-month,Yes,Electronic check,52.25,178.98,Yes
Female,0,No,No,37,Yes,No,Month-to-month,Yes,Electronic check,110.2,4176.45,No
Female,1,No,No,31,Yes,Fiber optic,One year,No,Bank transfer,100.61,3170.94,No
Female,0,No,No,66,Yes,Fiber optic,Two year,No,Bank transfer,26.8,1650.9,No
Male,0,No,No,6,No,Fiber optic,Two year,Yes,Bank transfer,53.42,352.75,Yes
Male,1,No,Yes,47,Yes,Fiber optic,Two year,Yes,Electronic check,41.9,1879.73,Yes
Male,0,Yes,No,14,Yes,DSL,Two year,No,Mailed check,86.44,1138.6,No
Female,0,No,No,64,Yes,Fiber optic,Month-to-month,Yes,Electronic check,75.53,4501.67,No
Female,0,Yes,Yes,62,Yes,Fiber optic,Month-to-month,Yes,Bank transfer,69.49,4303.49,No
Female,0,No,No,17,Yes,Fiber optic,Two year,Yes,Bank transfer,96.36,1817.94,No
Male,0,Yes,No,63,Yes,Fiber optic,Two year,Yes,Electronic check,53.33,3371.28,No
Male,1,Yes,Yes,36,Yes,DSL,Two year,No,Credit card,58.28,2316.18,No
Male,1,Yes,No,70,Yes,Fiber optic,One year,No,Bank transfer,106.56,7575.27,No
Female,0,Yes,No,53,No,Fiber optic,Month-to-month,No,Electronic check,117.22,6200.75,No
Male,0,Yes,No,3,Yes,Fiber optic,Two year,No,Bank transfer,97.64,167.33,No
Female,0,Yes,Yes,15,Yes,Fiber optic,Two year,Yes,Bank transfer,41.71,528.4,No
Female,1,Yes,No,30,Yes,Fiber optic,One year,No,Electronic check,31.27,644.0,No
Male,0,Yes,No,16,Yes,No,Two year,No,Electronic check,40.92,601.3,No
Male,1,No,Yes,10,Yes,Fiber optic,One year,Yes,Bank transfer,62.28,652.0,No
Male,1,No,No,71,Yes,DSL,Two year,Yes,Credit card,43.67,3443.65,No
Female,0,No,Yes,63,Yes,Fiber optic,Month-to-month,Yes,Bank transfer,110.1,7041.96,No
Female,0,Yes,Yes,32,Yes,Fiber optic,Two year,Yes,Bank transfer,87.07,2613.27,No
Male,1,Yes,No,16,Yes,Fiber optic,Month-to-month,Yes,Bank transfer,61.67,698.85,Yes
Male,0,No,No,14,Yes,Fiber optic,Month-to-month,Yes,Mailed check,47.38,622.01,No
Female,0,Yes,No,66,No,Fiber optic,Month-to-month,Yes,Electronic check,58.07,3994.97,No
Male,1,Yes,No,24,Yes,DSL,Month-to-month,Yes,Mailed check,67.61,1578.52,No
Male,0,No,No,1,Yes,Fiber optic,Month-to-month,Yes,Credit card,91.38,199.78,Yes
Male,0,No,Yes,29,Yes,DSL,Two year,Yes,Credit card,28.93,802.74,No
Male,0,Yes,Yes,33,Yes,Fiber optic,One year,Yes,Credit card,104.88,3604.44,No
Male,0,No,Yes,45,Yes,Fiber optic,Two year,No,Electronic check,32.76,1154.75,No
Female,1,Yes,No,25,Yes,Fiber optic,Month-to-month,Yes,Mailed check,46.25,1477.09,No
Female,0,No,Yes,67,No,Fiber optic,Month-to-month,Yes,Bank transfer,119.36,7774.62,No
Female,0,Yes,Yes,47,Yes,No,One year,Yes,Electronic check,39.02,1992.69,No
Female,0,Yes,Yes,72,Yes,Fiber optic,One year,No,Electronic check,30.11,2113.48,No
Female,1,No,No,27,Yes,Fiber optic,Month-to-month,No,Credit card,83.84,2240.51,No
Male,0,Yes,No,47,Yes,No,Two year,Yes,Bank transfer,59.31,2739.35,No
Male,1,No,No,27,Yes,Fiber optic,Two year,Yes,Bank transfer,29.18,838.98,No
Female,0,Yes,No,51,Yes,Fiber optic,One year,No,Electronic check,20.37,1130.37,No
Male,1,No,No,54,Yes,DSL,Two year,No,Mailed check,27.92,1719.35,No
Female,1,No,Yes,24,Yes,DSL,One year,Yes,Electronic check,72.27,2016.07,No
Female,1,Yes,No,68,Yes,DSL,One year,Yes,Electronic check,43.09,2996.48,No
Male,1,No,Yes,62,Yes,DSL,Month-to-month,Yes,Mailed check,97.76,6403.85,No
Female,0,Yes,No,65,Yes,Fiber optic,Month-to-month,Yes,Electronic check,105.75,6892.34,No
Female,0,Yes,No,16,Yes,DSL,Month-to-month,No,Credit card,34.48,767.17,No
Male,0,Yes,No,52,Yes,Fiber optic,One year,No,Mailed check,53.7,2878.14,No
Male,0,No,Yes,8,Yes,DSL,One year,No,Electronic check,34.66,167.44,No
Female,1,No,No,8,Yes,DSL,Month-to-month,No,Electronic check,48.67,425.61,Yes
Female,1,No,No,71,Yes,No,One year,Yes,Bank transfer,43.92,3218.95,No
Male,0,No,No,12,Yes,Fiber optic,Month-to-month,No,Electronic check,98.69,1177.84,No
Female,0,No,No,63,Yes,No,Month-to-month,Yes,Electronic check,54.55,3519.22,No
Male,0,Yes,No,32,Yes,Fiber optic,Two year,Yes,Mailed check,69.56,2398.99,Yes
Female,0,No,Yes,22,Yes,DSL,Month-to-month,No,Electronic check,87.39,1917.91,No
Female,0,No,No,6,Yes,Fiber optic,Month-to-month,Yes,Bank transfer,102.23,102.23,No
Male,0,Yes,No,49,Yes,Fiber optic,Month-to-month,No,Mailed check,50.12,2791.53,No
Female,0,No,Yes,52,Yes,DSL,Month-to-month,No,Electronic check,40.92,2068.32,No
Female,0,Yes,No,34,Yes,No,One year,No,Credit card,117.85,3842.24,No
Female,0,Yes,No,59,Yes,Fiber optic,Two year,No,Mailed check,52.01,2843.77,No
Male,0,Yes,No,24,Yes,Fiber optic,One year,Yes,Bank transfer,87.11,2023.35,No
Male,1,Yes,No,40,Yes,Fiber optic,One year,Yes,Electronic check,87.78,3398.65,No
Male,0,Yes,No,21,Yes,Fiber optic,Month-to-month,No,Bank transfer,71.4,1352.0,Yes
Male,0,No,No,42,Yes,DSL,One year,Yes,Electronic check,42.84,1662.85,No
Male,0,No,No,10,Yes,No,Month-to-month,No,Mailed check,34.15,447.45,Yes
Female,0,No,Yes,35,Yes,Fiber optic,Month-to-month,Yes,Electronic check,68.7,2810.57,Yes
Female,1,Yes,No,40,Yes,DSL,Two year,Yes,Credit card,71.09,3007.71,No
Female,0,Yes,No,41,Yes,DSL,Month-to-month,Yes,Electronic check,97.34,4215.46,No
Male,0,Yes,Yes,33,Yes,Fiber optic,Month-to-month,No,Credit card,90.98,2926.86,No
Male,1,No,No,47,Yes,No,Month-to-month,No,Credit card,111.2,5247.33,No
Female,1,Yes,Yes,37,Yes,No,Two year,No,Mailed check,117.09,4417.63,No
Male,0,No,No,21,Yes,Fiber optic,Month-to-month,Yes,Electronic check,92.79,1816.68,No
Female,0,No,No,16,Yes,No,Month-to-month,Yes,Mailed check,27.65,357.25,No
Female,0,No,No,47,Yes,Fiber optic,Two year,Yes,Credit card,60.51,3014.88,No
Male,0,No,No,68,Yes,DSL,Month-to-month,Yes,Bank transfer,80.88,5717.9,No
Male,0,Yes,No,55,Yes,Fiber optic,Two year,Yes,Mailed check,79.02,4359.58,No
Male,0,No,No,46,Yes,DSL,Month-to-month,Yes,Electronic check,38.14,1515.41,No
Male,1,No,No,67,Yes,DSL,One year,Yes,Credit card,78.29,5186.31,No
Male,0,No,No,65,Yes,Fiber optic,Two year,Yes,Electronic check,54.97,3284.78,No
Female,0,No,Yes,37,Yes,DSL,Month-to-month,No,Electronic check,53.89,2008.97,No
Female,0,No,Yes,8,Yes,No,One year,No,Electronic check,103.4,878.28,No
Female,0,No,No,46,Yes,No,Month-to-month,Yes,Mailed check,62.19,2806.6,No
Female,0,Yes,Yes,45,Yes,Fiber optic,One year,Yes,Credit card,72.74,3321.64,No
Female,1,No,No,20,Yes,Fiber optic,Two year,No,Credit card,76.29,1609.18,No
Male,1,No,No,62,Yes,Fiber optic,One year,No,Electronic check,76.3,4781.97,No
Male,0,Yes,No,63,Yes,DSL,Two year,No,Mailed check,41.31,2362.22,No
Female,0,No,Yes,24,Yes,DSL,One year,Yes,Credit card,79.95,1868.15,No
Male,0,Yes,No,35,No,DSL,One year,Yes,Mailed check,53.46,1953.07,No
Male,0,No,No,15,Yes,DSL,Month-to-month,No,Electronic check,85.5,1598.24,No
Female,1,Yes,No,13,Yes,DSL,One year,Yes,Mailed check,34.57,395.02,No
Female,0,Yes,Yes,20,Yes,DSL,Two year,Yes,Bank transfer,119.41,2498.37,Yes
Female,0,No,No,27,Yes,DSL,One year,No,Credit card,97.2,2800.03,No
Female,0,Yes,Yes,20,Yes,No,Month-to-month,Yes,Bank transfer,61.73,1195.27,No
Male,0,Yes,No,11,Yes,DSL,Month-to-month,No,Electronic check,50.14,781.22,Yes
Female,0,Yes,No,33,Yes,DSL,One year,No,Bank transfer,58.78,2180.17,No
Female,0,Yes,No,45,Yes,Fiber optic,Two year,Yes,Electronic check,92.12,4421.48,No
Female,0,No,No,24,Yes,DSL,Month-to-month,No,Credit card,85.54,2144.65,No
Female,0,No,No,39,Yes,Fiber optic,Month-to-month,Yes,Mailed check,90.21,3990.22,No
Female,0,Yes,Yes,20,Yes,DSL,Month-to-month,No,Electronic check,108.9,2054.94,Yes
Male,0,No,No,51,Yes,Fiber optic,Month-to-month,No,Mailed check,65.63,3771.95,No
Male,0,Yes,No,47,Yes,Fiber optic,Two year,No,Electronic check,86.95,4240.31,No
Male,1,No,No,70,Yes,Fiber optic,Month-to-month,Yes,Electronic check,64.15,4758.58,Yes
Male,0,Yes,Yes,4,Yes,Fiber optic,Month-to-month,No,Bank transfer,83.81,271.23,No
Male,0,Yes,Yes,62,Yes,Fiber optic,Month-to-month,No,Bank transfer,67.48,4352.65,No
Male,0,Yes,Yes,25,Yes,DSL,Month-to-month,No,Credit card,97.67,2727.14,Yes
Female,0,No,No,5,Yes,DSL,Two year,Yes,Mailed check,20.53,20.53,No
Female,0,Yes,No,50,No,Fiber optic,Month-to-month,Yes,Electronic check,41.57,2045.83,No
Female,0,Yes,Yes,13,Yes,DSL,Month-to-month,No,Mailed check,49.64,217.07,No
Female,1,No,No,13,Yes,DSL,Month-to-month,Yes,Mailed check,114.54,1453.35,No
Female,0,No,Yes,71,Yes,Fiber optic,Two year,Yes,Electronic check,70.7,4856.5,No
Female,0,Yes,No,16,Yes,DSL,Two year,No,Credit card,56.44,859.49,No
Male,0,No,No,40,Yes,DSL,Month-to-month,No,Credit card,60.43,3001.93,No
Female,0,No,No,15,Yes,Fiber optic,One year,No,Electronic check,65.18,1321.26,No
Male,0,Yes,No,9,Yes,Fiber optic,Month-to-month,Yes,Credit card,106.78,673.13,No
Male,0,No,No,1,Yes,Fiber optic,One year,Yes,Bank transfer,116.23,227.38,No
Female,0,Yes,No,2,Yes,No,Month-to-month,Yes,Electronic check,104.42,368.63,Yes
Female,0,No,Yes,35,Yes,No,Two year,Yes,Bank transfer,104.17,3578.37,No
Male,1,Yes,No,32,Yes,Fiber optic,Two year,No,Electronic check,39.9,1312.46,No
Male,0,No,No,3,Yes,DSL,Month-to-month,Yes,Electronic check,46.87,195.81,Yes
Male,1,Yes,No,26,Yes,Fiber optic,Month-to-month,Yes,Credit card,79.6,1800.28,Yes
Male,0,Yes,Yes,20,Yes,Fiber optic,Month-to-month,Yes,Bank transfer,85.61,1505.93,No
Male,0,No,Yes,42,Yes,Fiber optic,Month-to-month,Yes,Electronic check,40.27,1725.8,Yes
Female,1,Yes,No,72,Yes,DSL,Month-to-month,No,Mailed check,94.63,6833.24,No
Female,0,No,No,50,Yes,DSL,Month-to-month,No,Credit card,40.0,1858.29,No
Female,0,No,No,67,Yes,DSL,Two year,Yes,Mailed check,46.3,2943.22,No
Female,0,No,No,14,Yes,DSL,Month-to-month,Yes,Credit card,50.68,691.56,Yes
Female,0,Yes,No,16,Yes,DSL,Two year,Yes,Credit card,104.6,1850.83,No
Female,1,No,No,55,Yes,No,Month-to-month,Yes,Electronic check,93.21,5111.25,No
Male,0,Yes,No,23,No,DSL,Month-to-month,No,Bank transfer,73.07,2005.16,No
Male,0,Yes,Yes,62,Yes,Fiber optic,Month-to-month,No,Bank transfer,101.97,6182.98,No
Female,0,No,Yes,34,Yes,No,Two year,Yes,Bank transfer,101.29,3482.48,No
Male,0,No,Yes,15,Yes,Fiber optic,Month-to-month,No,Mailed check,58.98,813.84,No
Male,1,No,No,61,Yes,Fiber optic,Month-to-month,Yes,Electronic check,98.14,6104.13,No
Male,0,Yes,No,40,Yes,Fiber optic,One year,Yes,Electronic check,40.62,1468.48,No
Female,0,No,No,58,Yes,DSL,One year,Yes,Bank transfer,70.32,4464.04,No
Male,0,No,No,33,Yes,Fiber optic,One year,Yes,Bank transfer,31.82,711.94,No
Female,0,Yes,No,10,Yes,Fiber optic,Month-to-month,Yes,Bank transfer,62.68,969.9,No
Male,0,No,No,50,No,Fiber optic,Month-to-month,No,Bank transfer,72.04,3620.0,No
Male,0,Yes,No,9,Yes,Fiber optic,Two year,No,Electronic check,27.99,362.39,No
Male,0,Yes,No,48,Yes,No,One year,Yes,Electronic check,66.26,3447.38,No
Male,0,No,No,31,Yes,Fiber optic,One year,No,Credit card,85.17,2811.8,No
Female,0,No,No,57,Yes,Fiber optic,Month-to-month,Yes,Mailed check,81.41,4494.36,No
Male,0,Yes,No,63,Yes,Fiber optic,Month-to-month,Yes,Credit card,25.44,1722.74,No
Male,0,Yes,No,30,No,Fiber optic,Two year,Yes,Electronic check,29.53,1259.39,No
Female,0,Yes,No,64,Yes,Fiber optic,One year,Yes,Mailed check,55.14,3351.5,No
Female,1,No,No,8,Yes,Fiber optic,Month-to-month,Yes,Credit card,104.27,1257.85,Yes
Male,0,Yes,No,8,Yes,No,Two year,No,Electronic check,106.98,932.98,No
Female,0,Yes,No,72,Yes,DSL,One year,No,Electronic check,50.96,3582.47,No
Female,1,No,No,42,No,Fiber optic,Month-to-month,Yes,Bank transfer,91.89,3680.72,No
Male,0,Yes,No,33,Yes,DSL,Month-to-month,No,Bank transfer,77.74,2520.76,No
Female,0,No,No,12,Yes,Fiber optic,One year,Yes,Credit card,118.34,1029.02,Yes
Female,0,Yes,Yes,21,Yes,Fiber optic,Month-to-month,No,Credit card,29.46,535.61,No
Female,0,No,No,50,Yes,Fiber optic,One year,Yes,Bank transfer,74.79,3686.91,No
Male,1,Yes,No,60,Yes,Fiber optic,One year,Yes,Electronic check,79.25,4540.12,No
Male,0,Yes,No,66,Yes,Fiber optic,Month-to-month,No,Mailed check,50.77,3500.39,No
Male,0,Yes,Yes,30,Yes,DSL,Two year,Yes,Credit card,24.7,697.25,No
Female,0,No,No,33,Yes,DSL,Month-to-month,Yes,Mailed check,25.21,704.77,No
Female,0,No,No,12,Yes,DSL,Month-to-month,Yes,Credit card,65.36,719.25,Yes
Male,0,Yes,No,6,Yes,No,One year,Yes,Bank transfer,89.25,606.52,No
Male,0,Yes,Yes,32,No,DSL,One year,Yes,Electronic check,90.02,2895.28,No
Female,0,No,No,42,Yes,No,Month-to-month,Yes,Mailed check,38.1,1460.0,No
Female,0,Yes,No,8,Yes,DSL,One year,No,Bank transfer,105.8,871.53,No
Female,0,Yes,No,30,Yes,Fiber optic,Two year,Yes,Electronic check,57.72,1721.46,No
Male,0,No,No,47,Yes,Fiber optic,Two year,Yes,Electronic check,116.44,5244.79,No
Female,0,Yes,Yes,59,Yes,Fiber optic,Two year,Yes,Bank transfer,31.82,1819.68,No
Male,0,Yes,No,68,Yes,Fiber optic,Month-to-month,No,Electronic check,103.65,7164.07,No
Female,0,Yes,Yes,25,No,Fiber optic,Month-to-month,No,Electronic check,110.83,2885.18,No
Male,0,Yes,No,29,Yes,No,One year,Yes,Bank transfer,102.27,2919.84,No
Male,0,No,No,63,Yes,Fiber optic,Month-to-month,Yes,Bank transfer,100.88,6490.79,Yes
Male,0,No,No,50,No,DSL,One year,Yes,Mailed check,56.13,2610.51,No
Female,0,No,Yes,20,Yes,DSL,Month-to-month,Yes,Credit card,91.33,1636.8,No
Female,1,Yes,Yes,50,Yes,Fiber optic,Month-to-month,Yes,Credit card,77.93,3846.25,No
Male,0,No,Yes,12,Yes,Fiber optic,Month-to-month,Yes,Mailed check,62.45,1048.91,No
Female,0,Yes,Yes,33,Yes,Fiber optic,Month-to-month,No,Electronic check,119.31,3969.88,No
Male,0,No,No,23,Yes,Fiber optic,Month-to-month,Yes,Bank transfer,49.05,1073.08,No
Male,0,Yes,Yes,72,Yes,Fiber optic,One year,No,Electronic check,61.31,4723.15,No
Male,0,No,No,3,Yes,Fiber optic,One year,Yes,Credit card,110.29,273.48,No
Female,0,Yes,Yes,62,Yes,Fiber optic,Month-to-month,Yes,Bank transfer,48.9,3478.75,No
Male,0,Yes,Yes,21,No,Fiber optic,Month-to-month,No,Mailed check,35.27,638.41,No
Female,0,Yes,No,3,No,Fiber optic,Two year,No,Mailed check,51.0,51.0,No
Male,0,Yes,Yes,48,No,No,Month-to-month,Yes,Mailed check,95.93,4571.37,No
Male,0,Yes,No,49,Yes,Fiber optic,Month-to-month,No,Credit card,105.99,5143.69,No
Male,0,No,No,11,Yes,No,Month-to-month,Yes,Electronic check,31.44,184.3,No
Female,0,No,No,3,Yes,DSL,One year,Yes,Credit card,82.17,766.9,Yes
Male,0,Yes,No,9,Yes,Fiber optic,Two year,No,Electronic check,76.73,754.3,No
Female,0,No,Yes,30,Yes,Fiber optic,One year,No,Bank transfer,86.88,2699.25,No
Female,0,No,No,10,Yes,Fiber optic,Two year,Yes,Credit card,87.11,778.72,No
Male,1,No,No,51,Yes,DSL,Two year,No,Mailed check,115.95,5797.92,No
Female,0,No,No,6,Yes,Fiber optic,Month-to-month,No,Electronic check,54.65,533.01,No
Female,0,No,Yes,57,Yes,Fiber optic,Month-to-month,Yes,Credit card,49.98,2513.69,No
Male,1,No,No,63,Yes,No,Month-to-month,Yes,Credit card,78.12,4692.99,No
Male,1,No,No,52,Yes,DSL,Month-to-month,Yes,Electronic check,62.94,3223.42,No
Male,0,No,Yes,68,No,DSL,One year,Yes,Mailed check,67.38,4852.05,No
Female,1,Yes,No,68,Yes,Fiber optic,Month-to-month,No,Credit card,26.93,1756.34,No
Male,1,Yes,Yes,4,No,Fiber optic,Month-to-month,Yes,Electronic check,34.82,222.51,Yes
Female,0,Yes,No,25,Yes,DSL,Month-to-month,No,Bank transfer,113.54,2844.05,No
Female,0,No,Yes,55,Yes,Fiber optic,One year,Yes,Mailed check,26.83,1734.9,No
Female,0,Yes,No,25,Yes,Fiber optic,One year,No,Electronic check,79.01,1658.31,No
Male,0,No,Yes,54,Yes,DSL,Two year,No,Credit card,95.46,5302.03,No
Female,0,No,No,56,Yes,Fiber optic,Month-to-month,No,Electronic check,21.19,1146.86,No
Male,0,No,Yes,72,Yes,Fiber optic,Month-to-month,No,Credit card,42.27,3228.42,No
Male,0,Yes,No,24,Yes,Fiber optic,Two year,No,Bank transfer,57.71,1221.18,No
Male,0,No,Yes,26,Yes,Fiber optic,One year,Yes,Mailed check,70.68,1842.56,No
Male,0,No,No,2,Yes,DSL,One year,No,Mailed check,54.16,87.82,No
Male,1,Yes,Yes,21,Yes,No,Month-to-month,No,Mailed check,84.9,1582.41,No
Male,0,No,Yes,21,Yes,Fiber optic,Month-to-month,Yes,Credit card,42.64,639.36,No
Male,0,Yes,Yes,33,Yes,DSL,Two year,Yes,Bank transfer,22.55,628.07,No
Male,0,No,Yes,31,Yes,Fiber optic,One year,No,Bank transfer,20.16,650.95,No
Female,1,Yes,Yes,62,Yes,DSL,One year,Yes,Mailed check,54.55,3230.72,No
Male,1,Yes,No,56,Yes,Fiber optic,Month-to-month,Yes,Electronic check,56.17,3079.51,Yes
Female,1,Yes,No,53,Yes,Fiber optic,Month-to-month,Yes,Electronic check,114.86,5710.42,No
Female,1,Yes,Yes,1,No,No,Month-to-month,Yes,Bank transfer,24.48,24.48,No
Female,0,Yes,No,34,No,No,One year,Yes,Mailed check,73.01,2687.06,No
Female,0,No,No,53,Yes,DSL,Month-to-month,Yes,Mailed check,77.78,4263.38,No
Female,0,Yes,Yes,18,Yes,Fiber optic,Month-to-month,No,Mailed check,89.93,1601.36,No
Female,0,Yes,No,31,Yes,DSL,Month-to-month,Yes,Mailed check,83.87,2648.7,No
Female,1,No,Yes,53,Yes,Fiber optic,Two year,Yes,Bank transfer,20.81,937.28,No
Female,0,No,Yes,58,Yes,Fiber optic,Month-to-month,No,Bank transfer,83.19,5149.91,No
Male,0,No,No,62,Yes,DSL,Month-to-month,No,Credit card,52.24,3652.43,No
Male,0,No,No,31,Yes,DSL,One year,Yes,Electronic check,97.29,3048.95,No
Female,0,Yes,No,29,Yes,DSL,Two year,Yes,Bank transfer,38.84,1644.5,No
Male,0,No,No,28,Yes,DSL,One year,No,Electronic check,91.62,2429.32,No
Female,0,Yes,No,49,Yes,DSL,Two year,No,Credit card,82.55,3794.73,No
Male,1,No,Yes,31,Yes,No,Month-to-month,Yes,Bank transfer,85.23,2500.21,Yes
Male,0,No,No,29,Yes,Fiber optic,Two year,Yes,Mailed check,37.59,1046.21,No
Female,1,No,Yes,13,Yes,Fiber optic,Two year,No,Credit card,86.92,1592.37,No
Female,0,No,Yes,35,Yes,Fiber optic,Month-to-month,No,Mailed check,93.7,3223.27,No
Female,0,No,Yes,18,Yes,Fiber optic,One year,Yes,Electronic check,68.94,1068.99,No
Male,0,Yes,No,38,No,Fiber optic,Month-to-month,No,Mailed check,54.04,1873.83,No
Female,0,No,No,64,Yes,No,Month-to-month,No,Electronic check,36.66,2574.24,No
Female,0,No,Yes,56,Yes,Fiber optic,Month-to-month,No,Credit card,49.0,2943.46,Yes
Female,1,No,No,35,Yes,Fiber optic,Month-to-month,No,Bank transfer,96.38,3276.2,Yes
Female,0,Yes,No,71,Yes,No,Two year,No,Bank transfer,60.94,3951.58,No
Female,0,Yes,No,71,Yes,Fiber optic,Month-to-month,Yes,Credit card,90.27,6183.45,No
Female,0,No,Yes,32,Yes,Fiber optic,One year,Yes,Credit card,94.01,3352.57,No
Male,0,Yes,No,55,Yes,No,Month-to-month,No,Mailed check,87.42,4945.86,No
Female,0,Yes,Yes,25,Yes,Fiber optic,Month-to-month,Yes,Electronic check,87.35,2196.84,No
Female,1,Yes,No,64,Yes,Fiber optic,Month-to-month,Yes,Mailed check,81.08,5562.89,No
Female,0,No,Yes,27,Yes,DSL,Month-to-month,Yes,Credit card,71.84,2331.35,No
Female,0,Yes,Yes,19,Yes,DSL,One year,No,Credit card,39.78,748.63,No
Female,0,Yes,No,10,Yes,Fiber optic,Two year,No,Bank transfer,104.28,1039.29,No
Male,0,Yes,Yes,61,Yes,DSL,Month-to-month,Yes,Electronic check,116.43,6985.82,No
Female,0,No,Yes,22,Yes,No,Two year,Yes,Electronic check,66.65,1409.38,No
Male,0,No,No,59,Yes,DSL,One year,Yes,Credit card,113.32,6388.62,Yes
Male,0,Yes,Yes,7,Yes,Fiber optic,One year,No,Electronic check,119.8,540.52,Yes
Female,1,Yes,No,37,Yes,DSL,Month-to-month,No,Bank transfer,68.62,2194.41,Yes
Female,0,No,No,31,Yes,No,Month-to-month,Yes,Mailed check,92.44,3082.51,No
Male,0,Yes,Yes,32,Yes,Fiber optic,Two year,Yes,Electronic check,84.38,2387.88,No
Male,0,No,No,13,Yes,DSL,One year,No,Bank transfer,43.73,958.48,No
Male,1,Yes,Yes,6,Yes,DSL,Month-to-month,Yes,Credit card,24.71,24.71,No
Male,0,No,No,25,Yes,Fiber optic,Two year,No,Bank transfer,65.34,1980.97,No
Male,0,Yes,Yes,34,Yes,No,Month-to-month,Yes,Mailed check,98.72,3283.47,No
Male,0,No,Yes,58,Yes,No,One year,Yes,Mailed check,52.51,2732.34,Yes
Female,0,Yes,No,34,Yes,DSL,Month-to-month,Yes,Credit card,98.44,3603.72,No
Female,0,No,No,18,Yes,Fiber optic,Two year,Yes,Bank transfer,85.48,1819.01,No
Female,0,No,No,19,Yes,DSL,Month-to-month,Yes,Mailed check,89.55,1520.24,Yes
Male,0,No,No,45,Yes,Fiber optic,Month-to-month,No,Bank transfer,48.57,2119.32,No
Male,0,Yes,No,32,Yes,Fiber optic,One year,Yes,Electronic check,67.0,1962.84,Yes
Male,0,Yes,No,65,Yes,DSL,Month-to-month,Yes,Electronic check,38.17,2456.94,No
Female,0,No,No,32,Yes,Fiber optic,Two year,No,Credit card,44.66,1450.69,No
Male,0,No,No,41,Yes,No,One year,No,Bank transfer,28.99,1118.31,Yes
Male,0,Yes,No,5,Yes,DSL,Month-to-month,Yes,Electronic check,32.68,32.68,No
Male,1,Yes,No,14,Yes,DSL,Month-to-month,Yes,Electronic check,41.05,458.52,Yes
Female,0,Yes,No,62,Yes,DSL,Two year,Yes,Credit card,78.02,4977.94,No
Male,0,No,No,25,Yes,DSL,One year,Yes,Bank transfer,64.12,1561.22,No
Male,1,No,Yes,31,Yes,DSL,Two year,No,Bank transfer,46.69,1381.9,No
Female,0,No,No,43,Yes,Fiber optic,Month-to-month,Yes,Electronic check,106.11,4376.57,Yes
Female,0,No,No,5,Yes,DSL,Two year,Yes,Credit card,72.51,240.54,Yes
Male,1,Yes,No,37,Yes,Fiber optic,Month-to-month,No,Credit card,112.31,4437.26,No
Male,0,Yes,No,25,Yes,No,One year,Yes,Mailed check,83.5,1859.54,No
Female,0,Yes,No,11,Yes,No,Month-to-month,Yes,Electronic check,21.58,381.54,No
Female,0,No,No,31,Yes,Fiber optic,Month-to-month,Yes,Bank transfer,111.35,3461.26,No
Female,0,Yes,No,33,Yes,DSL,Two year,No,Credit card,105.75,3538.71,No
Male,0,Yes,Yes,14,Yes,DSL,Two year,No,Credit card,83.53,1022.95,No
Male,0,Yes,No,40,Yes,DSL,Month-to-month,Yes,Credit card,73.48,2868.84,No
Female,0,Yes,No,54,Yes,No,Two year,No,Bank transfer,65.29,3524.52,No
Male,0,No,Yes,20,Yes,No,Month-to-month,Yes,Electronic check,68.22,1260.27,No
Male,0,Yes,Yes,70,No,Fiber optic,Month-to-month,Yes,Mailed check,96.92,6850.69,No
Female,0,Yes,Yes,45,Yes,DSL,Month-to-month,Yes,Credit card,71.31,3300.44,No
Female,1,No,No,56,Yes,Fiber optic,Month-to-month,Yes,Electronic check,37.6,2540.14,No
Male,0,Yes,No,6,Yes,DSL,Month-to-month,Yes,Electronic check,25.82,210.56,No
Female,0,Yes,No,56,No,No,Month-to-month,No,Bank transfer,32.62,1444.27,No
Male,0,Yes,No,25,Yes,DSL,Month-to-month,Yes,Mailed check,45.14,1361.1,No
Female,0,No,No,52,Yes,Fiber optic,One year,No,Credit card,56.77,2911.27,No
Female,0,Yes,No,58,Yes,Fiber optic,Two year,No,Electronic check,109.24,6738.31,No
Male,1,No,No,19,Yes,DSL,One year,Yes,Electronic check,43.91,1128.47,Yes
Female,0,No,No,19,Yes,Fiber optic,Month-to-month,Yes,Electronic check,51.96,886.19,No
Male,0,No,Yes,5,Yes,No,One year,Yes,Bank transfer,42.3,355.88,No
Female,1,Yes,No,44,Yes,DSL,Month-to-month,Yes,Bank transfer,74.57,3162.29,No
Male,0,No,No,56,Yes,Fiber optic,One year,Yes,Mailed check,81.71,4576.3,No
Male,0,Yes,No,30,Yes,Fiber optic,One year,No,Mailed check,73.21,2331.5,No
Female,0,Yes,No,12,Yes,DSL,Month-to-month,No,Electronic check,115.19,1604.88,Yes
Female,0,No,No,23,Yes,DSL,Month-to-month,Yes,Bank transfer,119.54,2928.46,Yes
Male,0,Yes,Yes,30,Yes,DSL,Two year,Yes,Credit card,103.74,3127.2,No
Female,0,Yes,No,66,Yes,DSL,Two year,Yes,Bank transfer,100.53,7131.66,No
Female,1,Yes,Yes,9,Yes,Fiber optic,One year,No,Electronic check,56.61,436.49,No
Male,1,Yes,No,25,Yes,Fiber optic,Two year,Yes,Bank transfer,77.98,1628.06,No
Female,1,Yes,Yes,46,Yes,Fiber optic,Two year,Yes,Electronic check,55.15,2253.96,No
Female,0,No,No,18,Yes,No,Month-to-month,No,Electronic check,98.44,2066.72,No
Male,0,No,No,64,Yes,Fiber optic,One year,Yes,Electronic check,37.18,2364.19,No
Male,1,Yes,Yes,66,Yes,Fiber optic,Month-to-month,Yes,Electronic check,41.67,2782.03,Yes
Female,0,No,No,28,Yes,Fiber optic,Month-to-month,No,Electronic check,23.87,559.86,No
Male,0,Yes,No,54,Yes,DSL,Month-to-month,Yes,Credit card,80.89,4277.52,No
Female,0,Yes,No,55,Yes,DSL,Two year,Yes,Electronic check,88.85,4729.33,No
Female,0,Yes,Yes,50,Yes,Fiber optic,One year,Yes,Bank transfer,20.34,1111.23,No
Male,0,Yes,Yes,14,Yes,Fiber optic,Month-to-month,Yes,Credit card,71.08,975.64,No
Male,1,Yes,No,4,Yes,Fiber optic,Month-to-month,No,Bank transfer,57.69,317.76,No
Female,0,Yes,No,26,Yes,DSL,Month-to-month,Yes,Mailed check,99.24,2648.13,No
Male,0,Yes,No,10,Yes,No,One year,No,Bank transfer,23.89,153.72,No
Male,1,No,Yes,22,Yes,DSL,Two year,Yes,Electronic check,24.86,255.17,No
Female,0,Yes,No,46,Yes,No,Month-to-month,No,Mailed check,82.02,3463.76,No
Female,0,Yes,No,43,Yes,Fiber optic,Month-to-month,No,Mailed check,79.16,4009.21,No
Female,1,Yes,Yes,16,Yes,Fiber optic,One year,Yes,Credit card,103.11,1945.39,No
Female,0,No,No,2,Yes,Fiber optic,Month-to-month,No,Credit card,79.23,426.5,Yes
Female,0,Yes,No,17,No,DSL,Month-to-month,No,Credit card,114.94,1819.06,Yes
Male,0,No,No,33,Yes,Fiber optic,Month-to-month,No,Bank transfer,51.44,1699.42,Yes
Female,0,Yes,No,57,Yes,Fiber optic,Month-to-month,Yes,Mailed check,59.79,3244.96,No
Female,0,Yes,No,27,Yes,Fiber optic,Month-to-month,No,Credit card,117.77,2917.37,No
Female,0,No,No,21,Yes,DSL,Two year,Yes,Credit card,30.75,528.0,No
Female,0,Yes,Yes,40,Yes,DSL,Month-to-month,No,Mailed check,99.59,4248.84,No
Male,0,Yes,Yes,6,Yes,DSL,Month-to-month,No,Credit card,21.16,295.11,No
Female,0,Yes,Yes,17,No,Fiber optic,One year,Yes,Credit card,68.65,973.04,No
Male,1,No,No,3,Yes,Fiber optic,Two year,No,Mailed check,35.34,43.06,No
Female,0,No,No,38,Yes,Fiber optic,Month-to-month,No,Electronic check,79.89,3185.64,No
Male,0,No,Yes,32,Yes,Fiber optic,Month-to-month,Yes,Electronic check,99.82,3080.05,No
Male,0,No,Yes,42,Yes,Fiber optic,One year,Yes,Bank transfer,23.3,994.52,No
Male,0,Yes,No,45,Yes,DSL,Month-to-month,Yes,Electronic check,36.38,1717.47,No
Female,0,No,No,29,Yes,Fiber optic,One year,Yes,Mailed check,54.26,1651.73,No
Female,0,Yes,No,63,Yes,DSL,Month-to-month,Yes,Bank transfer,45.58,2922.37,No
Male,1,No,No,67,Yes,DSL,Month-to-month,No,Credit card,58.32,3776.7,No
Male,0,Yes,No,8,Yes,DSL,Month-to-month,Yes,Credit card,115.19,811.33,Yes
Male,1,Yes,Yes,67,Yes,DSL,One year,No,Bank transfer,30.12,1791.31,No
Male,1,No,No,15,Yes,DSL,Month-to-month,No,Mailed check,62.33,622.68,No
Female,0,Yes,No,18,Yes,Fiber optic,Month-to-month,No,Electronic check,65.71,1159.83,Yes
Male,0,No,No,39,Yes,DSL,Month-to-month,Yes,Bank transfer,48.03,2036.42,No
Male,0,Yes,No,3,Yes,DSL,One year,Yes,Electronic check,47.85,47.85,No
Male,1,No,Yes,27,Yes,DSL,Month-to-month,No,Bank transfer,91.48,2524.55,Yes
Male,0,No,No,15,Yes,Fiber optic,One year,Yes,Credit card,81.78,1383.63,Yes
Female,0,Yes,No,35,Yes,Fiber optic,One year,Yes,Mailed check,101.28,3177.45,Yes
Female,1,No,No,59,Yes,DSL,Month-to-month,No,Bank transfer,60.51,3515.97,No
Male,0,No,No,67,Yes,DSL,Two year,Yes,Bank transfer,80.67,5734.13,No
Female,0,No,No,16,No,No,Two year,Yes,Credit card,109.36,1860.15,No
Male,0,Yes,No,40,Yes,Fiber optic,Month-to-month,Yes,Mailed check,105.13,3831.11,No
Male,1,No,No,35,Yes,Fiber optic,Month-to-month,Yes,Mailed check,112.0,4051.67,Yes
Male,1,No,No,30,Yes,Fiber optic,Month-to-month,No,Electronic check,46.9,1257.45,No
Male,0,Yes,No,46,Yes,Fiber optic,Month-to-month,Yes,Bank transfer,118.54,5591.1,No
Male,0,Yes,Yes,72,Yes,No,Month-to-month,No,Electronic check,101.64,7180.06,No
Female,0,Yes,No,30,Yes,Fiber optic,Two year,No,Mailed check,99.48,2973.79,No
Female,0,No,No,5,Yes,Fiber optic,Two year,Yes,Bank transfer,86.76,326.29,Yes
Female,0,Yes,No,66,Yes,DSL,Month-to-month,Yes,Electronic check,118.33,7810.41,No
Male,1,No,No,68,Yes,Fiber optic,Month-to-month,Yes,Bank transfer,64.16,4249.42,Yes
Male,0,No,No,24,Yes,Fiber optic,Month-to-month,No,Electronic check,94.15,2214.89,No
Male,0,Yes,No,37,Yes,DSL,Month-to-month,No,Electronic check,89.88,3090.44,No
Male,0,Yes,No,63,Yes,No,Month-to-month,Yes,Electronic check,93.21,5970.36,No
Male,0,No,No,37,Yes,No,Two year,Yes,Electronic check,95.15,3555.61,Yes
Female,0,Yes,No,35,Yes,DSL,Two year,Yes,Credit card,39.08,1044.49,No
Female,0,No,Yes,67,Yes,No,Month-to-month,Yes,Credit card,54.91,3877.55,No
Female,0,No,No,60,Yes,DSL,One year,Yes,Bank transfer,59.23,3518.54,No
Female,1,No,No,37,Yes,Fiber optic,One year,Yes,Bank transfer,94.8,3539.95,No
Female,0,Yes,No,12,Yes,No,Two year,No,Bank transfer,91.62,1252.35,No
Female,0,No,No,32,Yes,DSL,Month-to-month,Yes,Credit card,103.34,3372.53,Yes
Male,1,No,No,49,No,Fiber optic,Month-to-month,Yes,Mailed check,98.85,5076.69,No
Female,0,Yes,No,20,Yes,Fiber optic,One year,No,Electronic check,79.6,1533.34,Yes
Female,0,No,No,39,Yes,DSL,Month-to-month,No,Bank transfer,33.99,1532.5,No
Female,0,No,No,48,Yes,Fiber optic,One year,Yes,Credit card,83.55,4034.98,No
Female,1,No,No,7,Yes,DSL,Month-to-month,No,Electronic check,108.71,862.5,Yes
Male,0,Yes,Yes,42,Yes,Fiber optic,One year,Yes,Mailed check,84.32,3622.17,No
Female,1,Yes,No,54,Yes,DSL,Two year,No,Mailed check,109.56,6164.39,No
Male,0,Yes,No,16,Yes,DSL,Month-to-month,Yes,Mailed check,119.91,2062.84,Yes
Female,0,Yes,No,40,Yes,Fiber optic,Month-to-month,No,Bank transfer,55.92,2148.21,No
Female,0,Yes,No,52,Yes,DSL,One year,Yes,Mailed check,92.33,4672.91,No
Female,0,No,No,4,Yes,Fiber optic,Month-to-month,No,Credit card,74.0,286.05,No
Male,0,Yes,No,47,Yes,Fiber optic,One year,No,Credit card,65.5,2926.48,No
Female,0,No,Yes,19,Yes,Fiber optic,One year,Yes,Electronic check,43.99,625.37,No
Female,1,Yes,No,29,Yes,DSL,Month-to-month,Yes,Credit card,44.59,867.5,No
Male,0,Yes,No,47,Yes,No,Two year,Yes,Bank transfer,38.5,1499.65,No
Male,0,Yes,Yes,1,Yes,Fiber optic,Month-to-month,Yes,Mailed check,83.15,480.23,No
Female,0,Yes,Yes,2,Yes,DSL,One year,No,Mailed check,34.21,34.21,No
Female,0,No,No,33,Yes,Fiber optic,Month-to-month,No,Credit card,63.14,2464.31,Yes
Female,0,No,No,69,Yes,Fiber optic,Month-to-month,Yes,Mailed check,72.33,5071.4,No
Female,0,No,No,1,Yes,Fiber optic,Month-to-month,Yes,Electronic check,63.82,63.82,Yes
Male,0,Yes,Yes,57,Yes,Fiber optic,Two year,No,Electronic check,105.49,5712.81,No
Female,0,No,No,6,Yes,Fiber optic,Two year,Yes,Electronic check,64.32,386.85,No
Male,1,Yes,No,36,Yes,No,Two year,No,Bank transfer,28.28,1396.52,No
Female,0,No,No,32,Yes,Fiber optic,Month-to-month,Yes,Electronic check,119.22,4126.57,Yes
Male,0,Yes,No,34,Yes,Fiber optic,Month-to-month,Yes,Bank transfer,104.5,3607.85,No
Female,0,Yes,Yes,6,Yes,Fiber optic,One year,Yes,Mailed check,86.0,286.27,No
Male,0,Yes,No,55,Yes,No,One year,Yes,Credit card,95.63,5068.22,No
Female,1,Yes,Yes,20,Yes,No,Month-to-month,No,Mailed check,32.82,485.88,Yes
Male,1,Yes,No,56,Yes,DSL,Two year,Yes,Credit card,96.59,5664.67,No
Male,1,No,Yes,48,Yes,DSL,Month-to-month,No,Credit card,40.77,2283.3,No
Female,0,No,No,40,Yes,Fiber optic,Month-to-month,No,Electronic check,68.9,2795.18,No
Male,0,No,Yes,23,Yes,Fiber optic,Two year,Yes,Bank transfer,37.8,808.78,No
Female,0,Yes,No,47,Yes,Fiber optic,Month-to-month,Yes,Electronic check,95.38,4792.6,Yes
Female,0,No,No,72,Yes,Fiber optic,Month-to-month,No,Credit card,44.59,3014.77,No
Female,0,Yes,No,67,Yes,No,One year,No,Bank transfer,45.32,3046.8,No
Male,0,No,Yes,66,Yes,Fiber optic,Two year,Yes,Electronic check,30.92,2133.31,No
Male,1,Yes,Yes,16,Yes,Fiber optic,Month-to-month,Yes,Electronic check,92.06,1300.4,No
Male,0,Yes,No,43,Yes,DSL,One year,No,Mailed check,49.58,2004.76,No
Female,0,No,No,29,Yes,Fiber optic,Month-to-month,Yes,Credit card,71.83,1940.32,Yes
Female,1,Yes,No,70,Yes,DSL,Month-to-month,No,Credit card,53.22,4008.75,No
Female,0,Yes,No,69,Yes,Fiber optic,Month-to-month,Yes,Electronic check,97.47,7108.3,Yes
Female,0,No,No,63,Yes,Fiber optic,Month-to-month,No,Electronic check,42.65,2709.91,No
Male,0,Yes,No,12,Yes,Fiber optic,Month-to-month,Yes,Mailed check,114.08,1315.32,No
Male,1,No,Yes,23,No,Fiber optic,Month-to-month,No,Bank transfer,52.13,1079.02,Yes
Male,0,Yes,No,52,No,DSL,One year,Yes,Electronic check,30.39,1580.63,No
Male,0,No,No,54,Yes,DSL,One year,Yes,Electronic check,44.03,2267.58,No
Male,0,No,No,26,Yes,DSL,One year,Yes,Credit card,27.39,692.73,No
Male,0,No,No,10,Yes,No,Two year,No,Mailed check,66.87,751.35,No
Male,0,No,No,10,Yes,No,Month-to-month,Yes,Bank transfer,45.03,369.24,No
Male,0,No,No,50,Yes,DSL,Month-to-month,Yes,Mailed check,108.6,5392.08,No
Female,0,No,No,33,Yes,DSL,Month-to-month,No,Mailed check,71.71,2329.34,No
Female,0,Yes,Yes,36,Yes,Fiber optic,One year,Yes,Bank transfer,43.34,1496.73,No
Female,0,Yes,No,59,Yes,Fiber optic,Month-to-month,Yes,Electronic check,65.13,3754.38,No
Male,0,No,No,2,Yes,DSL,Month-to-month,No,Electronic check,39.6,231.64,Yes
Male,0,Yes,No,55,Yes,DSL,Month-to-month,No,Credit card,37.87,1728.7,Yes
Male,1,Yes,No,20,Yes,Fiber optic,Month-to-month,No,Credit card,50.07,1316.26,Yes
Male,0,Yes,Yes,68,Yes,DSL,Two year,Yes,Bank transfer,30.83,2123.55,No
Female,0,No,Yes,69,Yes,DSL,One year,Yes,Electronic check,38.86,2803.34,No
Female,1,Yes,Yes,37,No,DSL,Month-to-month,No,Electronic check,113.8,4355.62,No
Male,0,No,No,23,Yes,Fiber optic,One year,Yes,Electronic check,86.68,1852.03,No
Male,0,No,Yes,17,Yes,Fiber optic,One year,No,Credit card,112.11,1723.0,No
Male,0,No,No,14,Yes,DSL,Month-to-month,Yes,Credit card,45.68,433.07,No
Male,0,Yes,No,72,No,Fiber optic,Month-to-month,No,Mailed check,105.7,7560.99,No
Female,0,No,No,14,No,Fiber optic,One year,No,Credit card,56.23,927.06,No
Female,1,No,Yes,33,Yes,Fiber optic,Month-to-month,Yes,Electronic check,34.42,1019.11,No
Female,0,Yes,No,35,Yes,No,Month-to-month,Yes,Mailed check,100.47,3638.04,No
Female,0,No,Yes,49,Yes,DSL,Month-to-month,Yes,Electronic check,25.97,798.95,No
Female,0,Yes,No,61,Yes,No,One year,Yes,Electronic check,60.49,3612.78,No
Female,0,No,Yes,41,Yes,Fiber optic,Two year,No,Credit card,101.93,4412.56,No
Female,0,Yes,Yes,55,Yes,Fiber optic,One year,Yes,Credit card,81.72,4460.41,No
